,Multi Asset fund (1)
15/10/2001,100
16/10/2001,100.27
17/10/2001,100.19
18/10/2001,100.15
19/10/2001,100
22/10/2001,100.26
23/10/2001,100.39
24/10/2001,100.6
25/10/2001,100.83
26/10/2001,100.91
29/10/2001,100.76
30/10/2001,100.74
31/10/2001,100.97
01/11/2001,101.41
02/11/2001,101.04
05/11/2001,101.51
06/11/2001,101.67
07/11/2001,101.95
08/11/2001,101.69
09/11/2001,101.32
13/11/2001,101.13
14/11/2001,100.7
15/11/2001,100.38
16/11/2001,99.8
19/11/2001,100.71
20/11/2001,100.26
21/11/2001,99.8
26/11/2001,100.1
27/11/2001,99.74
28/11/2001,99.72
29/11/2001,100.25
30/11/2001,100.37
03/12/2001,100.29
04/12/2001,100.75
05/12/2001,100.35
06/12/2001,100.12
07/12/2001,99.67
10/12/2001,99.64
11/12/2001,99.76
12/12/2001,100.25
13/12/2001,99.59
14/12/2001,99.43
17/12/2001,99.2
18/12/2001,99.52
19/12/2001,99.67
20/12/2001,99.6
21/12/2001,99.36
27/12/2001,99.23
28/12/2001,99.11
04/01/2002,99.3
07/01/2002,99.71
08/01/2002,99.6
09/01/2002,99.71
10/01/2002,99.98
11/01/2002,100.15
15/01/2002,100.17
16/01/2002,99.95
17/01/2002,99.91
18/01/2002,99.98
22/01/2002,99.83
23/01/2002,99.82
24/01/2002,99.36
25/01/2002,99.04
28/01/2002,99.31
29/01/2002,99.36
30/01/2002,99.43
31/01/2002,99.31
01/02/2002,99.11
04/02/2002,99.3
05/02/2002,99.01
06/02/2002,98.77
07/02/2002,98.64
08/02/2002,99.16
12/02/2002,99.22
13/02/2002,99.49
14/02/2002,99.7
15/02/2002,99.46
19/02/2002,98.78
20/02/2002,99
21/02/2002,99.32
22/02/2002,99.31
25/02/2002,99.7
26/02/2002,99.62
27/02/2002,100.09
28/02/2002,100.27
01/03/2002,100.68
04/03/2002,101.42
05/03/2002,101.42
06/03/2002,101.56
07/03/2002,101.61
08/03/2002,101.87
11/03/2002,101.88
12/03/2002,101.66
13/03/2002,101.36
14/03/2002,101.19
15/03/2002,101.44
18/03/2002,101.65
19/03/2002,101.92
20/03/2002,101.37
22/03/2002,101.19
25/03/2002,100.81
26/03/2002,101.24
27/03/2002,101.31
28/03/2002,101.23
02/04/2002,101.14
03/04/2002,101.72
04/04/2002,102.2
05/04/2002,102.52
08/04/2002,102
09/04/2002,101.89
10/04/2002,102.11
11/04/2002,101.79
12/04/2002,101.96
15/04/2002,102.14
16/04/2002,102.82
17/04/2002,102.82
18/04/2002,102.6
19/04/2002,102.65
22/04/2002,102.54
23/04/2002,102.49
24/04/2002,102.28
25/04/2002,101.96
26/04/2002,101.56
30/04/2002,101.63
02/05/2002,101.57
07/05/2002,100.53
08/05/2002,101.55
09/05/2002,101.43
10/05/2002,100.8
13/05/2002,101.05
14/05/2002,101.39
15/05/2002,101.8
16/05/2002,102.2
17/05/2002,102.05
20/05/2002,102.43
21/05/2002,102.61
22/05/2002,102.88
23/05/2002,102.83
24/05/2002,102.79
28/05/2002,102.89
29/05/2002,102.85
30/05/2002,103.27
31/05/2002,103.03
03/06/2002,103.05
04/06/2002,102.73
05/06/2002,102.68
06/06/2002,102.79
07/06/2002,102.71
10/06/2002,102.99
11/06/2002,103.15
12/06/2002,103.09
13/06/2002,102.93
14/06/2002,103.04
17/06/2002,103.01
18/06/2002,103.33
19/06/2002,103.21
20/06/2002,102.61
21/06/2002,102.74
24/06/2002,102.36
25/06/2002,102.17
26/06/2002,102.5
27/06/2002,102.43
28/06/2002,102.95
01/07/2002,102.59
02/07/2002,102.84
03/07/2002,102.62
08/07/2002,103.32
09/07/2002,103.29
10/07/2002,103.11
11/07/2002,103.22
12/07/2002,103.3
15/07/2002,103.17
16/07/2002,102.38
17/07/2002,102.77
18/07/2002,102.84
19/07/2002,102.75
22/07/2002,103.08
23/07/2002,102.92
24/07/2002,103.25
25/07/2002,103.16
26/07/2002,103.46
29/07/2002,103.15
30/07/2002,103.1
31/07/2002,103.63
01/08/2002,104.22
02/08/2002,104.92
05/08/2002,105.16
06/08/2002,104.63
07/08/2002,105.65
08/08/2002,105.53
09/08/2002,106.11
12/08/2002,106.01
13/08/2002,106.2
14/08/2002,106.44
15/08/2002,106.02
16/08/2002,105.66
19/08/2002,105.71
20/08/2002,106.21
21/08/2002,105.92
22/08/2002,105.73
23/08/2002,106.01
26/08/2002,106.12
27/08/2002,106.05
28/08/2002,106.32
29/08/2002,106.5
30/08/2002,106.63
03/09/2002,107.01
04/09/2002,106.95
05/09/2002,107.03
06/09/2002,106.83
09/09/2002,106.81
10/09/2002,107.02
11/09/2002,106.69
12/09/2002,107
13/09/2002,106.9
17/09/2002,107.36
18/09/2002,106.16
19/09/2002,106.32
20/09/2002,106.01
24/09/2002,105.78
25/09/2002,105.86
26/09/2002,106.21
27/09/2002,105.98
30/09/2002,106.01
01/10/2002,105.92
02/10/2002,105.47
03/10/2002,105.63
04/10/2002,105.43
07/10/2002,105.15
08/10/2002,105.04
09/10/2002,104.98
10/10/2002,105.13
11/10/2002,104.91
15/10/2002,104.06
16/10/2002,103.68
17/10/2002,103.67
18/10/2002,103.72
21/10/2002,103.74
22/10/2002,103.42
23/10/2002,103.61
24/10/2002,103.57
25/10/2002,104.06
28/10/2002,104.38
29/10/2002,104.82
30/10/2002,104.82
31/10/2002,105.43
01/11/2002,105.05
05/11/2002,105.19
06/11/2002,105.34
07/11/2002,105.62
08/11/2002,105.81
12/11/2002,105.99
13/11/2002,105.96
14/11/2002,105.32
15/11/2002,105.45
18/11/2002,105.18
19/11/2002,105.33
20/11/2002,105.3
21/11/2002,105.22
22/11/2002,105.3
25/11/2002,105.46
26/11/2002,105.68
27/11/2002,105.44
02/12/2002,105.71
03/12/2002,105.71
04/12/2002,105.89
05/12/2002,105.74
06/12/2002,106.27
09/12/2002,105.95
10/12/2002,106.26
11/12/2002,106.2
12/12/2002,105.93
13/12/2002,105.31
16/12/2002,105.67
17/12/2002,105.6
18/12/2002,104.92
19/12/2002,104.73
20/12/2002,105.08
27/12/2002,104.57
30/12/2002,104.69
06/01/2003,105.98
07/01/2003,105.83
08/01/2003,105.43
09/01/2003,105.44
10/01/2003,105.47
14/01/2003,105.81
15/01/2003,105.57
16/01/2003,105.57
17/01/2003,105.37
21/01/2003,105.33
22/01/2003,105.15
23/01/2003,105.54
24/01/2003,105.32
27/01/2003,104.82
28/01/2003,104.8
29/01/2003,104.52
30/01/2003,104.21
31/01/2003,104.64
03/02/2003,104.96
04/02/2003,104.79
05/02/2003,104.67
06/02/2003,104.5
07/02/2003,104.24
10/02/2003,104.17
12/02/2003,104.79
13/02/2003,105.12
14/02/2003,105.25
18/02/2003,105.49
19/02/2003,105.51
20/02/2003,105.69
21/02/2003,105.5
24/02/2003,105.37
25/02/2003,105.24
26/02/2003,105
27/02/2003,105.14
28/02/2003,105.71
03/03/2003,106.04
04/03/2003,105.78
05/03/2003,106.16
06/03/2003,105.81
07/03/2003,105.76
10/03/2003,105.42
11/03/2003,105.18
12/03/2003,104.92
13/03/2003,104.76
14/03/2003,105.01
17/03/2003,104.66
18/03/2003,105.15
19/03/2003,105.07
20/03/2003,105.21
24/03/2003,105.22
25/03/2003,105.37
26/03/2003,105.34
27/03/2003,105.2
28/03/2003,105.44
31/03/2003,105.24
01/04/2003,105.76
02/04/2003,105.72
03/04/2003,105.4
04/04/2003,105.65
07/04/2003,105.92
08/04/2003,106.14
09/04/2003,106.43
10/04/2003,106.33
11/04/2003,105.93
14/04/2003,105.84
15/04/2003,106.48
16/04/2003,106.75
17/04/2003,106.69
22/04/2003,107.22
23/04/2003,107.15
24/04/2003,107.66
25/04/2003,107.33
28/04/2003,107.65
30/04/2003,108.24
02/05/2003,108.51
06/05/2003,109.56
07/05/2003,110.13
08/05/2003,109.86
09/05/2003,110.04
12/05/2003,110.3
13/05/2003,110.2
14/05/2003,110.29
15/05/2003,110.45
16/05/2003,110.5
19/05/2003,109.73
20/05/2003,109.79
21/05/2003,109.62
22/05/2003,109.99
23/05/2003,110.1
27/05/2003,110.28
28/05/2003,110.59
29/05/2003,110.75
30/05/2003,111.22
02/06/2003,111.67
03/06/2003,111.68
04/06/2003,112
05/06/2003,112.01
06/06/2003,112.36
09/06/2003,112.23
10/06/2003,112.51
11/06/2003,112.81
12/06/2003,113.07
13/06/2003,113.15
16/06/2003,113.01
17/06/2003,112.65
18/06/2003,112.12
19/06/2003,111.88
20/06/2003,111.76
23/06/2003,111.98
24/06/2003,112.08
25/06/2003,111.86
26/06/2003,111.32
27/06/2003,111
30/06/2003,111.12
01/07/2003,111.02
02/07/2003,111.24
03/07/2003,110.54
07/07/2003,110.85
08/07/2003,110.74
09/07/2003,110.96
10/07/2003,111.11
11/07/2003,111.18
14/07/2003,111.24
15/07/2003,110.63
16/07/2003,110.54
17/07/2003,110.5
18/07/2003,110.56
22/07/2003,110.19
23/07/2003,110.61
24/07/2003,110.28
25/07/2003,110.5
28/07/2003,110.32
29/07/2003,110.07
30/07/2003,110.05
31/07/2003,109.57
01/08/2003,109.28
04/08/2003,109.72
05/08/2003,109.26
06/08/2003,109.67
07/08/2003,109.9
08/08/2003,110.32
11/08/2003,110.16
12/08/2003,110.46
13/08/2003,109.54
14/08/2003,109.34
15/08/2003,109.62
18/08/2003,109.63
19/08/2003,109.77
20/08/2003,109.25
21/08/2003,109.19
22/08/2003,109.28
25/08/2003,109.04
26/08/2003,109.03
27/08/2003,108.89
28/08/2003,109.27
29/08/2003,109.19
02/09/2003,108.25
03/09/2003,108.52
04/09/2003,109.11
05/09/2003,109.76
08/09/2003,110
09/09/2003,109.54
10/09/2003,109.85
11/09/2003,109.83
12/09/2003,110.25
16/09/2003,110.68
17/09/2003,110.94
18/09/2003,111.3
19/09/2003,111.25
22/09/2003,111.08
24/09/2003,110.86
25/09/2003,110.66
26/09/2003,110.93
29/09/2003,110.77
30/09/2003,111.08
01/10/2003,111.31
02/10/2003,111.09
03/10/2003,110.74
06/10/2003,111.01
07/10/2003,110.97
08/10/2003,110.98
09/10/2003,110.74
10/10/2003,110.85
14/10/2003,110.32
15/10/2003,110.08
16/10/2003,110.07
17/10/2003,110.21
20/10/2003,110.32
21/10/2003,110.61
22/10/2003,110.67
23/10/2003,110.33
24/10/2003,110.87
27/10/2003,110.85
28/10/2003,111.17
29/10/2003,111.15
30/10/2003,110.9
31/10/2003,111.09
04/11/2003,111.39
05/11/2003,111
06/11/2003,110.39
07/11/2003,110.03
10/11/2003,110
12/11/2003,110.63
13/11/2003,111.23
14/11/2003,111.46
17/11/2003,111.55
18/11/2003,111.46
19/11/2003,111.23
20/11/2003,111.4
21/11/2003,111.51
25/11/2003,111.72
26/11/2003,111.59
01/12/2003,111.24
02/12/2003,111.03
03/12/2003,111.02
04/12/2003,111.34
05/12/2003,112.33
08/12/2003,111.73
09/12/2003,111.61
10/12/2003,111.82
11/12/2003,112.26
12/12/2003,112.36
15/12/2003,112.41
16/12/2003,112.6
17/12/2003,112.61
18/12/2003,112.78
19/12/2003,113
22/12/2003,113.53
29/12/2003,113.76
30/12/2003,113.68
05/01/2004,113.37
06/01/2004,114.1
07/01/2004,114.24
08/01/2004,114.38
09/01/2004,114.97
13/01/2004,115.58
14/01/2004,115.89
15/01/2004,116.04
16/01/2004,115.95
20/01/2004,115.81
21/01/2004,115.88
22/01/2004,116.16
23/01/2004,115.88
26/01/2004,115.92
27/01/2004,115.98
28/01/2004,115.67
29/01/2004,115.26
30/01/2004,115.46
02/02/2004,115.46
03/02/2004,115.56
04/02/2004,115.47
05/02/2004,115.51
06/02/2004,116.04
09/02/2004,116.19
10/02/2004,116.14
12/02/2004,116.49
13/02/2004,116.5
17/02/2004,116.64
18/02/2004,116.81
19/02/2004,116.77
20/02/2004,116.41
23/02/2004,116.64
24/02/2004,116.58
25/02/2004,116.81
26/02/2004,116.73
27/02/2004,117.3
01/03/2004,117.58
02/03/2004,117.01
03/03/2004,116.81
04/03/2004,117.32
05/03/2004,118.6
08/03/2004,119.2
09/03/2004,119.35
10/03/2004,119.05
11/03/2004,118.73
12/03/2004,118.73
15/03/2004,118.5
16/03/2004,118.57
17/03/2004,118.9
18/03/2004,118.68
19/03/2004,118.43
22/03/2004,118.52
23/03/2004,118.64
24/03/2004,119.01
25/03/2004,119.36
26/03/2004,118.76
29/03/2004,118.39
30/03/2004,118.37
31/03/2004,118.94
01/04/2004,119.12
02/04/2004,118.55
05/04/2004,118.37
06/04/2004,118.48
07/04/2004,118.68
08/04/2004,118.67
13/04/2004,117.96
14/04/2004,117.5
15/04/2004,117.58
16/04/2004,118.13
19/04/2004,118.05
20/04/2004,117.93
21/04/2004,117.68
22/04/2004,118.26
23/04/2004,117.99
26/04/2004,118.03
27/04/2004,118.11
28/04/2004,117.56
30/04/2004,117.14
06/05/2004,116.78
07/05/2004,115.79
10/05/2004,115.18
11/05/2004,115.27
12/05/2004,115.28
13/05/2004,115.15
14/05/2004,115.52
17/05/2004,115.72
18/05/2004,115.69
19/05/2004,115.64
20/05/2004,115.87
21/05/2004,115.84
24/05/2004,116.04
25/05/2004,116.16
26/05/2004,116.53
27/05/2004,116.89
28/05/2004,116.72
01/06/2004,116.54
02/06/2004,116.54
03/06/2004,116.52
04/06/2004,116.42
07/06/2004,116.55
08/06/2004,116.56
09/06/2004,116.28
10/06/2004,116.4
14/06/2004,115.9
15/06/2004,116.92
16/06/2004,116.54
17/06/2004,116.45
18/06/2004,116.47
21/06/2004,116.72
22/06/2004,116.59
23/06/2004,116.67
24/06/2004,117.06
25/06/2004,117.21
28/06/2004,116.95
29/06/2004,117.25
30/06/2004,117.86
01/07/2004,117.63
02/07/2004,118.31
06/07/2004,117.93
07/07/2004,117.94
08/07/2004,117.79
09/07/2004,117.77
12/07/2004,118.06
13/07/2004,117.95
14/07/2004,117.62
15/07/2004,117.62
16/07/2004,118.52
20/07/2004,118.31
21/07/2004,118.07
22/07/2004,118.21
23/07/2004,118.04
26/07/2004,117.41
27/07/2004,116.75
28/07/2004,116.92
29/07/2004,117.33
30/07/2004,118.07
02/08/2004,118.19
03/08/2004,118.51
04/08/2004,118.89
05/08/2004,119.01
06/08/2004,119.83
09/08/2004,119.83
10/08/2004,119.84
11/08/2004,119.85
12/08/2004,119.93
13/08/2004,120.09
16/08/2004,120.07
17/08/2004,120.28
18/08/2004,120.36
19/08/2004,120.4
20/08/2004,120.55
23/08/2004,120.36
24/08/2004,120.6
25/08/2004,120.79
26/08/2004,121.03
27/08/2004,121.29
30/08/2004,121.18
31/08/2004,121.49
01/09/2004,121.64
02/09/2004,121.57
03/09/2004,120.96
07/09/2004,121.23
08/09/2004,121.64
09/09/2004,121.91
10/09/2004,122.22
13/09/2004,122.63
14/09/2004,122.62
15/09/2004,122.22
16/09/2004,122.73
17/09/2004,122.67
21/09/2004,122.9
22/09/2004,122.87
24/09/2004,123.03
27/09/2004,123.23
28/09/2004,123.26
29/09/2004,123.04
30/09/2004,123.19
01/10/2004,123.12
04/10/2004,123.61
05/10/2004,123.81
06/10/2004,123.81
07/10/2004,123.88
08/10/2004,124.52
12/10/2004,125
13/10/2004,124.77
14/10/2004,124.48
15/10/2004,124.43
18/10/2004,124.49
19/10/2004,124.54
20/10/2004,124.21
21/10/2004,124.19
22/10/2004,124.11
25/10/2004,123.77
26/10/2004,124.13
27/10/2004,124.52
28/10/2004,124.93
29/10/2004,124.91
01/11/2004,124.98
02/11/2004,125.45
04/11/2004,126.03
05/11/2004,126.19
08/11/2004,126.12
09/11/2004,126.1
10/11/2004,126.15
12/11/2004,127.03
15/11/2004,127.62
16/11/2004,127.4
17/11/2004,127.48
18/11/2004,127.36
19/11/2004,127.06
22/11/2004,127.35
24/11/2004,127.37
29/11/2004,126.88
30/11/2004,127.02
01/12/2004,127.51
02/12/2004,127.35
03/12/2004,128.28
06/12/2004,128.65
07/12/2004,128.88
08/12/2004,129.6
09/12/2004,129.51
10/12/2004,129.99
13/12/2004,130.28
14/12/2004,130.5
15/12/2004,130.88
16/12/2004,130.47
17/12/2004,129.76
20/12/2004,130.26
21/12/2004,130.49
22/12/2004,130.46
27/12/2004,130.52
28/12/2004,130.32
29/12/2004,130.19
30/12/2004,130.7
04/01/2005,130.56
05/01/2005,130.63
06/01/2005,130.65
07/01/2005,131.01
11/01/2005,131
12/01/2005,130.89
13/01/2005,131
14/01/2005,131.13
18/01/2005,131.64
19/01/2005,131.61
20/01/2005,131.25
21/01/2005,131.43
24/01/2005,131.6
25/01/2005,131.51
26/01/2005,131.67
27/01/2005,131.61
28/01/2005,132.21
31/01/2005,132.48
01/02/2005,133.06
02/02/2005,133.26
03/02/2005,133.11
04/02/2005,133.85
07/02/2005,134.43
08/02/2005,134.65
09/02/2005,134.51
10/02/2005,134.22
14/02/2005,134.61
15/02/2005,134.63
16/02/2005,134.38
17/02/2005,134.16
18/02/2005,134.04
22/02/2005,133.09
23/02/2005,133
24/02/2005,133.39
25/02/2005,134.19
28/02/2005,134
01/03/2005,134.57
02/03/2005,134.5
03/03/2005,134.5
04/03/2005,135.26
07/03/2005,135.43
08/03/2005,135.12
09/03/2005,134.64
10/03/2005,134.76
11/03/2005,134.52
14/03/2005,134.71
15/03/2005,134.99
16/03/2005,135.31
17/03/2005,135.72
18/03/2005,135.78
22/03/2005,135.69
23/03/2005,135.43
24/03/2005,135.68
29/03/2005,135.7
30/03/2005,136.14
31/03/2005,137.13
01/04/2005,137.72
04/04/2005,138.18
05/04/2005,138.1
06/04/2005,138.27
07/04/2005,138.63
08/04/2005,138.61
11/04/2005,138.7
12/04/2005,138.93
13/04/2005,139.01
14/04/2005,138.94
15/04/2005,139.21
18/04/2005,139.29
19/04/2005,139.66
20/04/2005,139.64
21/04/2005,139.32
22/04/2005,139.52
25/04/2005,139.63
26/04/2005,139.54
27/04/2005,139.91
28/04/2005,140.4
02/05/2005,140.54
06/05/2005,140.09
09/05/2005,139.89
10/05/2005,140.22
11/05/2005,140.59
12/05/2005,140.73
13/05/2005,141.18
16/05/2005,141.01
17/05/2005,140.9
18/05/2005,141.82
19/05/2005,141.79
20/05/2005,142.04
23/05/2005,142.57
24/05/2005,143.01
25/05/2005,142.62
26/05/2005,142.66
27/05/2005,142.69
31/05/2005,143.59
01/06/2005,145.12
02/06/2005,145.44
03/06/2005,144.95
06/06/2005,145.44
07/06/2005,146.2
08/06/2005,146.3
09/06/2005,146.31
10/06/2005,146.23
13/06/2005,146.2
14/06/2005,146.2
15/06/2005,146
16/06/2005,146.16
17/06/2005,146.51
20/06/2005,146.35
21/06/2005,146.58
22/06/2005,146.91
23/06/2005,146.67
24/06/2005,146.19
27/06/2005,145.84
28/06/2005,146.5
29/06/2005,146.6
30/06/2005,146.79
01/07/2005,146.98
05/07/2005,146.69
06/07/2005,146.3
07/07/2005,146.12
08/07/2005,146.91
11/07/2005,147.83
12/07/2005,147.76
13/07/2005,147.52
14/07/2005,147.54
15/07/2005,147.47
19/07/2005,147.92
20/07/2005,148.05
21/07/2005,148.01
22/07/2005,148.57
25/07/2005,148.73
26/07/2005,148.76
27/07/2005,148.83
28/07/2005,149.15
29/07/2005,148.72
01/08/2005,148.23
02/08/2005,147.75
03/08/2005,148.11
04/08/2005,147.49
05/08/2005,146.86
08/08/2005,146.81
09/08/2005,147.38
10/08/2005,147.6
11/08/2005,147.74
12/08/2005,148.36
15/08/2005,148.51
16/08/2005,148.66
17/08/2005,148.67
18/08/2005,149.27
19/08/2005,149.39
22/08/2005,149.4
23/08/2005,149.61
24/08/2005,149.89
25/08/2005,150.05
26/08/2005,149.67
29/08/2005,149.65
30/08/2005,149.45
31/08/2005,150.37
01/09/2005,150.77
02/09/2005,151.39
06/09/2005,151.64
07/09/2005,151.65
08/09/2005,151.71
09/09/2005,152.07
12/09/2005,151.5
13/09/2005,151.59
14/09/2005,151.43
15/09/2005,151.31
16/09/2005,151.51
20/09/2005,151.31
21/09/2005,151.34
22/09/2005,151.48
26/09/2005,150.62
27/09/2005,150.65
28/09/2005,150.35
29/09/2005,150.02
30/09/2005,150.26
03/10/2005,149.78
04/10/2005,149.73
05/10/2005,149.78
06/10/2005,149.27
07/10/2005,149.62
11/10/2005,149.33
12/10/2005,148.51
13/10/2005,148
14/10/2005,147.91
17/10/2005,147.73
18/10/2005,147.82
19/10/2005,148.32
20/10/2005,148.05
21/10/2005,148.92
24/10/2005,148.96
25/10/2005,147.98
26/10/2005,147.52
27/10/2005,147.38
28/10/2005,147.64
31/10/2005,148.3
01/11/2005,148.23
02/11/2005,148.08
04/11/2005,147.52
07/11/2005,147.78
08/11/2005,148.51
09/11/2005,148.03
10/11/2005,148.42
14/11/2005,148.54
15/11/2005,149.34
16/11/2005,149.94
17/11/2005,150.54
18/11/2005,150.42
21/11/2005,151.06
22/11/2005,151.19
28/11/2005,152.05
29/11/2005,151.58
30/11/2005,151.74
01/12/2005,152.14
02/12/2005,152.09
05/12/2005,151.9
06/12/2005,152.72
07/12/2005,152.65
08/12/2005,152.64
09/12/2005,152.16
12/12/2005,152.08
13/12/2005,152.15
14/12/2005,152.84
15/12/2005,153.22
16/12/2005,153.34
19/12/2005,153.34
20/12/2005,153.33
21/12/2005,153.21
22/12/2005,154.08
27/12/2005,155.46
28/12/2005,155.56
29/12/2005,155.79
30/12/2005,155.62
04/01/2006,156.84
05/01/2006,157.04
06/01/2006,157.1
10/01/2006,156.92
11/01/2006,156.83
12/01/2006,157.18
13/01/2006,157.23
17/01/2006,157.09
18/01/2006,156.79
19/01/2006,156.5
20/01/2006,156.21
23/01/2006,156.19
24/01/2006,156.27
25/01/2006,155.97
26/01/2006,155.84
27/01/2006,156.24
30/01/2006,156.21
31/01/2006,156.29
01/02/2006,156.09
02/02/2006,155.96
03/02/2006,156.02
06/02/2006,156.19
07/02/2006,155.92
08/02/2006,155.67
09/02/2006,156.13
10/02/2006,155.66
13/02/2006,155.34
14/02/2006,155.73
15/02/2006,155.54
16/02/2006,155.84
17/02/2006,155.63
21/02/2006,155.73
22/02/2006,155.99
23/02/2006,156.28
24/02/2006,156.3
27/02/2006,156.56
28/02/2006,156.19
01/03/2006,156.19
02/03/2006,155.74
03/03/2006,154.92
06/03/2006,155.41
07/03/2006,154.67
08/03/2006,153.91
09/03/2006,154.75
10/03/2006,155.36
13/03/2006,155.78
14/03/2006,156.42
15/03/2006,156.08
16/03/2006,156.79
17/03/2006,156.7
20/03/2006,157.19
22/03/2006,157.41
23/03/2006,157.08
24/03/2006,157.55
27/03/2006,157.73
28/03/2006,156.71
29/03/2006,156.36
30/03/2006,156.5
31/03/2006,156.91
03/04/2006,156.69
04/04/2006,156.73
05/04/2006,156.8
06/04/2006,156.11
07/04/2006,155.79
10/04/2006,155.97
11/04/2006,155.71
12/04/2006,155.05
13/04/2006,154.73
18/04/2006,155.32
19/04/2006,156.12
20/04/2006,156.45
21/04/2006,156.77
24/04/2006,155.75
25/04/2006,155.68
26/04/2006,155.9
27/04/2006,155.98
28/04/2006,155.66
02/05/2006,156.07
08/05/2006,156.77
09/05/2006,156.68
10/05/2006,156.2
11/05/2006,155.36
12/05/2006,153.94
15/05/2006,153.77
16/05/2006,153.59
17/05/2006,152.22
18/05/2006,152.4
19/05/2006,152.51
22/05/2006,152.53
23/05/2006,152.78
24/05/2006,153.18
25/05/2006,153.28
26/05/2006,153.86
30/05/2006,152.49
31/05/2006,152.69
01/06/2006,152.05
02/06/2006,153.33
05/06/2006,153.13
06/06/2006,152
07/06/2006,152.49
08/06/2006,152.34
09/06/2006,152.9
12/06/2006,152.64
13/06/2006,152.4
14/06/2006,151.99
15/06/2006,152.12
16/06/2006,151.99
19/06/2006,151.82
20/06/2006,151.49
21/06/2006,151.64
22/06/2006,151.48
23/06/2006,151.22
26/06/2006,151.07
27/06/2006,150.96
28/06/2006,150.81
29/06/2006,151.88
30/06/2006,152.88
03/07/2006,152.48
05/07/2006,151.56
06/07/2006,151.81
07/07/2006,152.57
10/07/2006,152.65
11/07/2006,152.79
12/07/2006,152.31
13/07/2006,151.81
14/07/2006,151.33
18/07/2006,150.99
19/07/2006,151.92
20/07/2006,152.3
21/07/2006,151.84
24/07/2006,152.28
25/07/2006,152.63
26/07/2006,152.6
27/07/2006,153.11
28/07/2006,153.5
31/07/2006,153.5
01/08/2006,153.31
02/08/2006,153.55
03/08/2006,153.62
04/08/2006,153.85
07/08/2006,153.45
08/08/2006,153.64
09/08/2006,153.89
10/08/2006,153.67
11/08/2006,153.62
14/08/2006,154.01
15/08/2006,154.57
16/08/2006,155.02
17/08/2006,155.08
18/08/2006,155.23
21/08/2006,154.92
22/08/2006,155.26
23/08/2006,155.03
24/08/2006,154.82
25/08/2006,154.98
28/08/2006,155.06
29/08/2006,155.23
30/08/2006,155.38
31/08/2006,155.77
01/09/2006,156.02
05/09/2006,156.4
06/09/2006,155.7
07/09/2006,155.05
08/09/2006,155.34
11/09/2006,155.06
12/09/2006,155.33
13/09/2006,155.76
14/09/2006,156.01
15/09/2006,156.01
19/09/2006,155.82
20/09/2006,156.05
21/09/2006,155.95
22/09/2006,155.39
25/09/2006,155.8
26/09/2006,156.34
27/09/2006,157.14
28/09/2006,157.28
29/09/2006,157.52
02/10/2006,157.85
03/10/2006,157.77
04/10/2006,158.08
05/10/2006,158.56
06/10/2006,158.41
10/10/2006,158.35
11/10/2006,157.69
12/10/2006,158.03
13/10/2006,158.05
16/10/2006,157.76
17/10/2006,158.17
18/10/2006,158.41
19/10/2006,158.06
20/10/2006,158.56
23/10/2006,158.14
24/10/2006,158.25
25/10/2006,158.52
26/10/2006,159.29
27/10/2006,159.58
30/10/2006,159.76
31/10/2006,160.75
01/11/2006,161.18
02/11/2006,160.67
06/11/2006,160.1
07/11/2006,160.71
08/11/2006,160.67
09/11/2006,160.93
10/11/2006,161.09
13/11/2006,161.23
14/11/2006,162
15/11/2006,162.15
16/11/2006,162.06
17/11/2006,161.58
20/11/2006,160.85
21/11/2006,160.82
22/11/2006,161.77
27/11/2006,159.66
28/11/2006,159.84
29/11/2006,161.41
30/11/2006,162.04
01/12/2006,161.84
04/12/2006,162.48
05/12/2006,163.38
06/12/2006,163.53
07/12/2006,163.7
08/12/2006,163.52
11/12/2006,164.52
12/12/2006,164.95
13/12/2006,164.87
14/12/2006,164.86
15/12/2006,164.61
18/12/2006,164.34
19/12/2006,164.02
20/12/2006,164.66
21/12/2006,164.72
22/12/2006,164.07
27/12/2006,164.13
28/12/2006,163.67
29/12/2006,163.64
04/01/2007,164.98
05/01/2007,164.07
09/01/2007,164.7
10/01/2007,163.71
11/01/2007,163.51
12/01/2007,163.08
16/01/2007,163.86
17/01/2007,164.07
18/01/2007,164.23
19/01/2007,164.35
22/01/2007,164.85
23/01/2007,164.09
24/01/2007,164.22
25/01/2007,163.73
26/01/2007,163.37
29/01/2007,163.25
30/01/2007,163.32
31/01/2007,163.73
01/02/2007,164.24
02/02/2007,164.43
05/02/2007,164.5
06/02/2007,164.48
07/02/2007,164.7
08/02/2007,164.56
09/02/2007,164.41
13/02/2007,163.97
14/02/2007,164.93
15/02/2007,165.33
16/02/2007,165.51
20/02/2007,165.77
21/02/2007,165.77
22/02/2007,165.64
23/02/2007,166.26
26/02/2007,166.98
27/02/2007,166.87
28/02/2007,166.36
01/03/2007,165.95
02/03/2007,165.8
05/03/2007,165.69
06/03/2007,166.1
07/03/2007,166.27
08/03/2007,166.71
09/03/2007,166.33
12/03/2007,166.83
13/03/2007,167.1
14/03/2007,166.52
15/03/2007,166.75
16/03/2007,166.74
19/03/2007,167.04
20/03/2007,167.49
22/03/2007,167.95
23/03/2007,167.39
26/03/2007,167.25
27/03/2007,167.3
28/03/2007,166.7
29/03/2007,166.24
30/03/2007,166.09
02/04/2007,166.31
03/04/2007,166.69
04/04/2007,166.99
05/04/2007,166.97
10/04/2007,167.46
11/04/2007,167.27
12/04/2007,166.66
13/04/2007,166.28
16/04/2007,166.85
17/04/2007,167.32
18/04/2007,167.43
19/04/2007,166.9
20/04/2007,166.88
23/04/2007,167.24
24/04/2007,167.56
25/04/2007,167.3
26/04/2007,167.15
27/04/2007,167.2
02/05/2007,168
07/05/2007,168.53
08/05/2007,168.5
09/05/2007,168.28
10/05/2007,167.82
11/05/2007,167.91
14/05/2007,167.63
15/05/2007,167.11
16/05/2007,167.4
17/05/2007,167.05
18/05/2007,167.04
21/05/2007,167.03
22/05/2007,167.27
23/05/2007,167.02
24/05/2007,166.74
25/05/2007,166.15
29/05/2007,166.15
30/05/2007,166.23
31/05/2007,166.29
01/06/2007,165.92
04/06/2007,166.1
05/06/2007,165.47
06/06/2007,165.48
07/06/2007,163.8
08/06/2007,163.27
11/06/2007,163.37
12/06/2007,162.54
13/06/2007,162.36
14/06/2007,162.29
15/06/2007,162.99
18/06/2007,163.47
19/06/2007,163.95
20/06/2007,163.86
21/06/2007,163.39
22/06/2007,163.55
25/06/2007,164
26/06/2007,163.89
27/06/2007,164.22
28/06/2007,164.06
29/06/2007,164.9
02/07/2007,165.47
03/07/2007,165.17
05/07/2007,163.97
06/07/2007,163.4
09/07/2007,163.71
10/07/2007,164.15
11/07/2007,164.37
12/07/2007,164.29
13/07/2007,164.26
17/07/2007,164.64
18/07/2007,165.13
19/07/2007,165.07
20/07/2007,166.07
23/07/2007,166.57
24/07/2007,166.62
25/07/2007,166.76
26/07/2007,167.33
27/07/2007,167.11
30/07/2007,167.14
31/07/2007,166.92
01/08/2007,167.28
02/08/2007,167.15
03/08/2007,167.5
06/08/2007,167.82
07/08/2007,168.03
08/08/2007,167.36
09/08/2007,167.54
10/08/2007,168.01
13/08/2007,168.14
14/08/2007,168.36
15/08/2007,168.79
16/08/2007,169.77
17/08/2007,169.74
20/08/2007,170.35
21/08/2007,171.26
22/08/2007,170.88
23/08/2007,170.78
24/08/2007,170.61
27/08/2007,170.84
28/08/2007,171.19
29/08/2007,171.16
30/08/2007,171.56
31/08/2007,171.44
04/09/2007,171.1
05/09/2007,171.88
06/09/2007,171.91
07/09/2007,173.12
10/09/2007,173.91
11/09/2007,173.46
12/09/2007,173.06
13/09/2007,172.57
14/09/2007,172.68
18/09/2007,172.23
19/09/2007,171.83
20/09/2007,171
21/09/2007,170.89
25/09/2007,171.11
26/09/2007,170.62
27/09/2007,170.95
28/09/2007,171.8
01/10/2007,172.17
02/10/2007,172.17
03/10/2007,171.95
04/10/2007,172.2
05/10/2007,172.11
09/10/2007,172.3
10/10/2007,171.89
11/10/2007,171.96
12/10/2007,171.92
15/10/2007,171.59
16/10/2007,171.05
17/10/2007,171.21
18/10/2007,171.25
19/10/2007,170.34
22/10/2007,169.72
23/10/2007,170.17
24/10/2007,170.11
25/10/2007,170.28
26/10/2007,170.89
29/10/2007,171.52
30/10/2007,171.18
31/10/2007,171.41
01/11/2007,170.92
02/11/2007,170.4
05/11/2007,169.79
06/11/2007,170.16
07/11/2007,169.26
08/11/2007,168.75
09/11/2007,168.18
13/11/2007,167.43
14/11/2007,167.84
15/11/2007,167.64
16/11/2007,167.56
19/11/2007,167.92
20/11/2007,167.82
21/11/2007,167.68
26/11/2007,168.57
27/11/2007,168.34
28/11/2007,168.33
29/11/2007,169.52
30/11/2007,170.09
03/12/2007,171.22
04/12/2007,171.5
05/12/2007,171.84
06/12/2007,170.97
07/12/2007,169.94
10/12/2007,169.72
11/12/2007,170.33
12/12/2007,169.7
13/12/2007,169.04
14/12/2007,168.26
17/12/2007,168.32
18/12/2007,168.8
19/12/2007,168.94
20/12/2007,169.33
21/12/2007,168.73
27/12/2007,168.71
28/12/2007,169.37
04/01/2008,170.72
07/01/2008,170.98
08/01/2008,170.81
09/01/2008,171.22
10/01/2008,171.07
11/01/2008,171.31
15/01/2008,171.68
16/01/2008,171.67
17/01/2008,171.67
18/01/2008,171.58
22/01/2008,170.91
23/01/2008,171.42
24/01/2008,170.93
25/01/2008,171.19
28/01/2008,171.28
29/01/2008,171.03
30/01/2008,170.72
31/01/2008,171.78
01/02/2008,172.34
04/02/2008,172.16
05/02/2008,172.22
06/02/2008,171.84
07/02/2008,171.26
08/02/2008,171.31
12/02/2008,171.29
13/02/2008,171.52
14/02/2008,170.95
15/02/2008,171.08
19/02/2008,170.94
20/02/2008,170.32
21/02/2008,171.02
22/02/2008,171.08
25/02/2008,170.91
26/02/2008,171.43
27/02/2008,171.27
28/02/2008,172.19
29/02/2008,173.73
03/03/2008,173.69
04/03/2008,173.39
05/03/2008,173.31
06/03/2008,173.74
07/03/2008,173.66
10/03/2008,174.09
11/03/2008,173.63
12/03/2008,174.51
13/03/2008,174.29
14/03/2008,174.88
17/03/2008,175.01
18/03/2008,174.73
19/03/2008,175.23
25/03/2008,175.18
26/03/2008,174.76
27/03/2008,174.56
28/03/2008,174.83
31/03/2008,174.84
01/04/2008,174.59
02/04/2008,174.57
03/04/2008,174.72
04/04/2008,175.41
07/04/2008,174.8
08/04/2008,174.64
09/04/2008,174.57
10/04/2008,174.4
11/04/2008,175.03
14/04/2008,174.44
15/04/2008,173.66
16/04/2008,173.59
17/04/2008,172.89
18/04/2008,172.52
21/04/2008,172.69
22/04/2008,171.66
23/04/2008,171.59
24/04/2008,170.38
25/04/2008,169.8
28/04/2008,170.28
30/04/2008,171.46
02/05/2008,171.17
07/05/2008,171.48
08/05/2008,172.42
09/05/2008,173.12
12/05/2008,173.13
13/05/2008,172.29
14/05/2008,171.54
15/05/2008,172.15
16/05/2008,172.39
19/05/2008,172.8
20/05/2008,172.5
21/05/2008,171.71
22/05/2008,171.55
23/05/2008,171
27/05/2008,170.91
28/05/2008,170.75
29/05/2008,171.39
30/05/2008,171.87
02/06/2008,171.73
03/06/2008,171.46
04/06/2008,171.55
05/06/2008,171.65
06/06/2008,171
09/06/2008,170.7
10/06/2008,169.94
11/06/2008,169.42
12/06/2008,168.85
13/06/2008,168.6
16/06/2008,168.99
17/06/2008,169.46
18/06/2008,169.74
19/06/2008,169.14
20/06/2008,169.21
23/06/2008,169.35
24/06/2008,169.65
25/06/2008,169.81
26/06/2008,170.17
27/06/2008,170.17
30/06/2008,169.93
01/07/2008,169.55
02/07/2008,169.28
03/07/2008,169.72
07/07/2008,170.43
08/07/2008,170.9
09/07/2008,171.08
10/07/2008,171.09
11/07/2008,170.26
14/07/2008,170.62
15/07/2008,170.59
16/07/2008,170.5
17/07/2008,170.3
18/07/2008,169.85
22/07/2008,169.53
23/07/2008,169.37
24/07/2008,169.99
25/07/2008,169.76
28/07/2008,170.13
29/07/2008,170.57
30/07/2008,171.15
31/07/2008,171.67
01/08/2008,171.38
04/08/2008,171.37
05/08/2008,171.47
06/08/2008,171.43
07/08/2008,172.03
08/08/2008,172.58
11/08/2008,172.97
12/08/2008,172.98
13/08/2008,172.01
14/08/2008,172.11
15/08/2008,172.34
18/08/2008,172.27
19/08/2008,171.17
20/08/2008,171.47
21/08/2008,171.04
22/08/2008,171.44
25/08/2008,171.44
26/08/2008,171.51
27/08/2008,171.45
28/08/2008,172.12
29/08/2008,172.39
02/09/2008,171.95
03/09/2008,172.03
04/09/2008,170.44
05/09/2008,169.39
08/09/2008,170.98
09/09/2008,169.83
10/09/2008,169.46
11/09/2008,169.21
12/09/2008,169.21
16/09/2008,169.1
17/09/2008,168.23
18/09/2008,168.18
19/09/2008,166.03
22/09/2008,164.88
24/09/2008,165.21
25/09/2008,164.76
26/09/2008,165.02
29/09/2008,165.54
30/09/2008,164.89
01/10/2008,165
02/10/2008,164.76
03/10/2008,164.99
06/10/2008,165.41
07/10/2008,164.5
08/10/2008,162.86
09/10/2008,161.47
10/10/2008,160.04
14/10/2008,160.69
15/10/2008,160.07
16/10/2008,160.02
17/10/2008,160.1
20/10/2008,160.43
21/10/2008,160.68
22/10/2008,160.92
23/10/2008,161.07
24/10/2008,160.83
27/10/2008,160.78
28/10/2008,160.99
29/10/2008,161.1
30/10/2008,161.34
31/10/2008,160.99
04/11/2008,161.71
05/11/2008,161.71
06/11/2008,161.58
07/11/2008,161.57
10/11/2008,161.72
11/11/2008,161.77
12/11/2008,161.84
13/11/2008,161.82
14/11/2008,162.02
17/11/2008,162.04
18/11/2008,162.3
19/11/2008,162.51
20/11/2008,162.92
21/11/2008,162.96
25/11/2008,163.86
26/11/2008,164.4
28/11/2008,164.88
01/12/2008,165.3
02/12/2008,165.84
03/12/2008,166.23
04/12/2008,166.21
05/12/2008,166.01
08/12/2008,166.08
09/12/2008,165.93
10/12/2008,165.86
11/12/2008,166.01
12/12/2008,165.85
15/12/2008,166.16
16/12/2008,166.79
17/12/2008,167.42
18/12/2008,167.46
19/12/2008,167.21
22/12/2008,167.31
29/12/2008,167.43
30/12/2008,167.56
05/01/2009,167.21
06/01/2009,166.91
07/01/2009,166.88
08/01/2009,167.02
09/01/2009,167.18
13/01/2009,167.28
14/01/2009,167.41
15/01/2009,167.37
16/01/2009,167.26
20/01/2009,166.48
21/01/2009,165.85
22/01/2009,165.56
23/01/2009,165.04
26/01/2009,164.85
27/01/2009,165.44
28/01/2009,165.66
29/01/2009,165.38
30/01/2009,164.95
02/02/2009,165.11
03/02/2009,164.78
04/02/2009,164.84
05/02/2009,165.01
06/02/2009,165.23
09/02/2009,165.13
10/02/2009,165.3
12/02/2009,166.01
13/02/2009,165.63
17/02/2009,165.86
18/02/2009,165.65
19/02/2009,165.2
20/02/2009,165.19
23/02/2009,164.97
24/02/2009,164.98
25/02/2009,164.66
26/02/2009,164.46
27/02/2009,164.35
02/03/2009,164.24
03/03/2009,163.99
04/03/2009,163.88
05/03/2009,164.21
06/03/2009,164.36
09/03/2009,164.02
10/03/2009,164.28
11/03/2009,164.62
12/03/2009,165.07
13/03/2009,165.29
16/03/2009,165.15
17/03/2009,164.95
18/03/2009,166.42
19/03/2009,166.88
23/03/2009,167.63
24/03/2009,167.25
25/03/2009,166.93
26/03/2009,167.27
27/03/2009,167.18
30/03/2009,166.9
31/03/2009,167.09
01/04/2009,167.44
02/04/2009,167.33
03/04/2009,166.78
06/04/2009,166.67
07/04/2009,166.78
08/04/2009,166.85
09/04/2009,167.27
14/04/2009,167.43
15/04/2009,167.5
16/04/2009,167.62
17/04/2009,167.8
20/04/2009,167.34
21/04/2009,167.36
22/04/2009,167.31
23/04/2009,167.39
24/04/2009,167.74
27/04/2009,167.77
28/04/2009,167.22
30/04/2009,168.23
07/05/2009,169.22
08/05/2009,169.72
11/05/2009,169.45
12/05/2009,169.22
13/05/2009,168.68
14/05/2009,168.5
15/05/2009,168.54
18/05/2009,168.82
19/05/2009,169.15
20/05/2009,169.44
21/05/2009,168.67
22/05/2009,167.55
26/05/2009,167.28
27/05/2009,166.05
28/05/2009,166.23
29/05/2009,167.49
01/06/2009,167.14
02/06/2009,167.58
03/06/2009,168.6
04/06/2009,167.48
05/06/2009,165.82
08/06/2009,165.77
09/06/2009,166.2
10/06/2009,165.81
11/06/2009,166.14
12/06/2009,166.83
15/06/2009,166.86
16/06/2009,166.59
17/06/2009,166.87
18/06/2009,166.04
19/06/2009,166.78
22/06/2009,166.9
23/06/2009,166.89
24/06/2009,167.52
25/06/2009,168.35
26/06/2009,168.72
29/06/2009,169.01
30/06/2009,168.96
01/07/2009,169.39
02/07/2009,169.67
06/07/2009,169.73
07/07/2009,169.47
08/07/2009,170.2
09/07/2009,169.86
10/07/2009,170.17
13/07/2009,170.19
14/07/2009,170.05
15/07/2009,169.87
16/07/2009,170.19
17/07/2009,169.72
21/07/2009,171.09
22/07/2009,171.15
23/07/2009,170.52
24/07/2009,170.87
27/07/2009,170.82
28/07/2009,171.05
29/07/2009,171.5
30/07/2009,171.8
31/07/2009,172.85
03/08/2009,171.94
04/08/2009,172.27
05/08/2009,171.54
06/08/2009,171.53
07/08/2009,170.75
10/08/2009,171.43
11/08/2009,171.07
12/08/2009,171.31
13/08/2009,171.93
14/08/2009,171.91
17/08/2009,170.97
18/08/2009,171.16
19/08/2009,171.13
20/08/2009,171.68
21/08/2009,172.21
24/08/2009,172.78
25/08/2009,172.98
26/08/2009,173.25
27/08/2009,172.82
28/08/2009,172.98
31/08/2009,172.63
01/09/2009,171.99
02/09/2009,171.64
03/09/2009,171.49
04/09/2009,171.81
08/09/2009,172.72
09/09/2009,172.97
10/09/2009,173.6
11/09/2009,173.86
14/09/2009,173.3
15/09/2009,172.78
16/09/2009,172.54
17/09/2009,172.89
18/09/2009,172.53
24/09/2009,173.82
25/09/2009,174.07
28/09/2009,174.51
29/09/2009,174.93
30/09/2009,174.72
01/10/2009,174.97
02/10/2009,174.77
05/10/2009,174.58
06/10/2009,174.81
07/10/2009,175.72
08/10/2009,175.81
09/10/2009,174.98
13/10/2009,175.4
14/10/2009,175.08
15/10/2009,174.47
16/10/2009,174.37
19/10/2009,174.52
20/10/2009,174.95
21/10/2009,173.97
22/10/2009,173.76
23/10/2009,173.4
26/10/2009,172.78
27/10/2009,173.37
28/10/2009,172.98
29/10/2009,172.63
30/10/2009,173.28
02/11/2009,173.3
04/11/2009,172.32
05/11/2009,172.39
06/11/2009,173.11
09/11/2009,173.97
10/11/2009,174.47
11/11/2009,175.21
12/11/2009,175.45
13/11/2009,175.54
16/11/2009,176.51
17/11/2009,176.83
18/11/2009,176.74
19/11/2009,176.93
20/11/2009,176.88
24/11/2009,177.77
25/11/2009,177.96
27/11/2009,178.8
30/11/2009,179.03
01/12/2009,179.52
02/12/2009,179.44
03/12/2009,179.3
04/12/2009,178.61
07/12/2009,179.26
08/12/2009,179.66
09/12/2009,179.74
10/12/2009,179.12
11/12/2009,178.92
14/12/2009,179.02
15/12/2009,178.38
16/12/2009,178.83
17/12/2009,179.19
18/12/2009,179.18
21/12/2009,178.91
22/12/2009,178.23
28/12/2009,176.9
29/12/2009,177.29
30/12/2009,176.99
04/01/2010,176.85
05/01/2010,177.28
06/01/2010,176.95
07/01/2010,177.03
08/01/2010,177.3
12/01/2010,178.24
13/01/2010,178.15
14/01/2010,178.71
15/01/2010,179.26
19/01/2010,179.25
20/01/2010,179.48
21/01/2010,179.38
22/01/2010,178.91
25/01/2010,178.61
26/01/2010,178.97
27/01/2010,179.07
28/01/2010,178.9
29/01/2010,178.97
01/02/2010,179.28
02/02/2010,179.5
03/02/2010,179.1
04/02/2010,178.85
05/02/2010,179.2
08/02/2010,178.63
09/02/2010,178.8
10/02/2010,178.27
12/02/2010,178.78
16/02/2010,179.22
17/02/2010,179.42
18/02/2010,178.74
19/02/2010,178.09
22/02/2010,178.37
23/02/2010,179.58
24/02/2010,179.85
25/02/2010,180.19
26/02/2010,180.59
01/03/2010,181.13
02/03/2010,181.14
03/03/2010,181.08
04/03/2010,181.58
05/03/2010,181.9
08/03/2010,182.08
09/03/2010,182.62
10/03/2010,182.47
11/03/2010,182.27
12/03/2010,182.24
15/03/2010,182.33
16/03/2010,183.06
17/03/2010,183.62
18/03/2010,183.03
19/03/2010,183.07
23/03/2010,184.15
24/03/2010,183.25
25/03/2010,182.51
26/03/2010,182.73
29/03/2010,183.08
30/03/2010,183.46
31/03/2010,183.89
01/04/2010,184.78
06/04/2010,183.9
07/04/2010,184.6
08/04/2010,184.95
09/04/2010,185.06
12/04/2010,185.21
13/04/2010,185.52
14/04/2010,185.84
15/04/2010,186.07
16/04/2010,186.58
19/04/2010,186.49
20/04/2010,186.29
21/04/2010,187.03
22/04/2010,186.82
23/04/2010,186.83
26/04/2010,187.53
27/04/2010,188.47
28/04/2010,187.68
30/04/2010,188.6
06/05/2010,190.5
07/05/2010,189.19
10/05/2010,188.76
11/05/2010,188.93
12/05/2010,189.69
13/05/2010,190.22
14/05/2010,190.53
17/05/2010,190.14
18/05/2010,190.57
19/05/2010,190.39
20/05/2010,190.92
21/05/2010,191.46
24/05/2010,191.38
25/05/2010,192.02
26/05/2010,191.35
27/05/2010,190.89
28/05/2010,191.44
01/06/2010,191.55
02/06/2010,191.7
03/06/2010,191.3
04/06/2010,192.39
07/06/2010,192.56
08/06/2010,192.85
09/06/2010,192.39
10/06/2010,191.49
11/06/2010,192.7
14/06/2010,191.67
15/06/2010,191.32
16/06/2010,191.58
17/06/2010,192.25
18/06/2010,191.4
21/06/2010,191.2
22/06/2010,192.44
23/06/2010,193.1
24/06/2010,193.43
25/06/2010,193.18
28/06/2010,194.18
29/06/2010,194.35
30/06/2010,193.86
01/07/2010,193.78
02/07/2010,193.19
06/07/2010,193.88
07/07/2010,193.87
08/07/2010,193.69
09/07/2010,193.33
12/07/2010,194.14
13/07/2010,193.42
14/07/2010,193.79
15/07/2010,194
16/07/2010,193.47
20/07/2010,193.16
21/07/2010,193.39
22/07/2010,193.25
23/07/2010,193.19
26/07/2010,193.19
27/07/2010,192.96
28/07/2010,193.09
29/07/2010,193.02
30/07/2010,193.43
02/08/2010,193.72
03/08/2010,195.23
04/08/2010,195.07
05/08/2010,195.6
06/08/2010,197.19
09/08/2010,197.77
10/08/2010,197.42
11/08/2010,196.4
12/08/2010,195.91
13/08/2010,196.03
16/08/2010,195.98
17/08/2010,196.46
18/08/2010,196.49
19/08/2010,196.13
20/08/2010,195.49
23/08/2010,195.25
24/08/2010,194.62
25/08/2010,194.35
26/08/2010,194.32
27/08/2010,194.97
30/08/2010,195.03
31/08/2010,194.47
01/09/2010,195.84
02/09/2010,196.11
03/09/2010,196.43
07/09/2010,196.77
08/09/2010,196.48
09/09/2010,196.64
10/09/2010,196.78
13/09/2010,197.56
14/09/2010,198.15
15/09/2010,198.86
16/09/2010,198.04
17/09/2010,198.61
21/09/2010,200.04
22/09/2010,201.09
24/09/2010,200.69
27/09/2010,201.65
28/09/2010,202.58
29/09/2010,202.61
30/09/2010,201.91
01/10/2010,201.99
04/10/2010,202.27
05/10/2010,202.79
06/10/2010,203.75
07/10/2010,203.47
08/10/2010,203.46
12/10/2010,203.42
13/10/2010,203.38
14/10/2010,203.33
15/10/2010,202.85
18/10/2010,203.25
19/10/2010,203.1
20/10/2010,202.71
21/10/2010,202.49
22/10/2010,202.39
25/10/2010,202.84
26/10/2010,202.01
27/10/2010,201.15
28/10/2010,201.74
29/10/2010,201.67
01/11/2010,202.33
02/11/2010,202.98
04/11/2010,205.45
05/11/2010,205.57
08/11/2010,205.61
09/11/2010,204.9
10/11/2010,204.91
11/11/2010,204.51
12/11/2010,203.51
15/11/2010,202.47
16/11/2010,201.99
17/11/2010,202.14
18/11/2010,201.6
19/11/2010,201.75
22/11/2010,202.11
24/11/2010,201.64
26/11/2010,201.38
29/11/2010,201.35
30/11/2010,201.59
01/12/2010,200.95
02/12/2010,200.53
03/12/2010,200.06
06/12/2010,200.65
07/12/2010,199.77
08/12/2010,199.03
09/12/2010,199.26
10/12/2010,199.37
13/12/2010,199.18
14/12/2010,198.5
15/12/2010,198.32
16/12/2010,198.4
17/12/2010,199.2
20/12/2010,199.52
21/12/2010,199.49
22/12/2010,199.56
27/12/2010,199.07
28/12/2010,199.03
29/12/2010,199.41
30/12/2010,199.82
04/01/2011,200.47
05/01/2011,199.74
06/01/2011,200.03
07/01/2011,200.67
11/01/2011,200.56
12/01/2011,200.2
13/01/2011,200.45
14/01/2011,200.51
18/01/2011,199.93
19/01/2011,199.82
20/01/2011,198.89
21/01/2011,199.05
24/01/2011,199.48
25/01/2011,199.93
26/01/2011,199.57
27/01/2011,200.24
28/01/2011,200.24
31/01/2011,199.7
01/02/2011,199.52
02/02/2011,199.64
03/02/2011,199.63
04/02/2011,198.84
07/02/2011,199.73
08/02/2011,199.59
09/02/2011,199.53
10/02/2011,199.34
14/02/2011,200.58
15/02/2011,200.48
16/02/2011,200.79
17/02/2011,201.84
18/02/2011,201.67
22/02/2011,202.51
23/02/2011,202.15
24/02/2011,202.22
25/02/2011,202.5
28/02/2011,202.95
01/03/2011,202.51
02/03/2011,201.59
03/03/2011,200.29
04/03/2011,200.95
07/03/2011,200.87
08/03/2011,200.59
09/03/2011,201.01
10/03/2011,201.31
11/03/2011,201.74
14/03/2011,200.99
15/03/2011,200.08
16/03/2011,201.18
17/03/2011,200.67
18/03/2011,200.78
22/03/2011,200.69
23/03/2011,200.92
24/03/2011,200.86
25/03/2011,200.67
28/03/2011,200.05
29/03/2011,199.96
30/03/2011,200.86
31/03/2011,200.63
01/04/2011,200.32
04/04/2011,200.79
05/04/2011,200.13
06/04/2011,199.42
07/04/2011,199.32
08/04/2011,198.97
11/04/2011,198.78
12/04/2011,199.38
13/04/2011,200.11
14/04/2011,200.17
15/04/2011,200.99
18/04/2011,201.89
19/04/2011,202
20/04/2011,202.73
21/04/2011,203.51
26/04/2011,204.55
27/04/2011,204.65
28/04/2011,206.53
02/05/2011,207.27
06/05/2011,208.05
09/05/2011,208.52
10/05/2011,208.28
11/05/2011,208.51
12/05/2011,208.46
13/05/2011,208.42
16/05/2011,208.13
17/05/2011,208.08
18/05/2011,207.88
19/05/2011,207.89
20/05/2011,208.21
23/05/2011,208.22
24/05/2011,208.3
25/05/2011,208.64
26/05/2011,209.31
27/05/2011,209.61
31/05/2011,209.98
01/06/2011,210.29
02/06/2011,209.96
03/06/2011,209.58
06/06/2011,209.65
07/06/2011,209.22
08/06/2011,209.56
09/06/2011,209.82
10/06/2011,210.03
13/06/2011,209.89
14/06/2011,209.26
15/06/2011,210.24
16/06/2011,211.45
17/06/2011,211.03
20/06/2011,211.19
21/06/2011,211.55
22/06/2011,212.09
23/06/2011,213.35
24/06/2011,213.89
27/06/2011,213.34
28/06/2011,212.73
29/06/2011,211.8
30/06/2011,211.11
01/07/2011,211.97
05/07/2011,212.5
06/07/2011,213.72
07/07/2011,213.03
08/07/2011,214.99
11/07/2011,216.29
12/07/2011,215.9
13/07/2011,215.57
14/07/2011,215.38
15/07/2011,215.77
19/07/2011,215.95
20/07/2011,215.56
21/07/2011,214.87
22/07/2011,215.46
25/07/2011,215.69
26/07/2011,215.94
27/07/2011,216.09
28/07/2011,216.15
29/07/2011,217.05
01/08/2011,217.59
02/08/2011,217.69
03/08/2011,217.55
04/08/2011,217.95
05/08/2011,216.64
08/08/2011,216.43
09/08/2011,216.76
10/08/2011,217.04
11/08/2011,216.6
12/08/2011,216.92
15/08/2011,216.82
16/08/2011,217.17
17/08/2011,217.85
18/08/2011,218.78
19/08/2011,218.19
22/08/2011,217.84
23/08/2011,217.85
24/08/2011,217.33
25/08/2011,217.6
26/08/2011,217.93
29/08/2011,217.58
30/08/2011,218.36
31/08/2011,217.92
01/09/2011,218.53
02/09/2011,219.58
06/09/2011,220.92
07/09/2011,220.38
08/09/2011,220.49
09/09/2011,221.39
12/09/2011,221.39
13/09/2011,220.93
14/09/2011,220.62
15/09/2011,220.44
16/09/2011,221.6
20/09/2011,222.62
21/09/2011,222.42
22/09/2011,222.22
26/09/2011,220.74
27/09/2011,220.17
28/09/2011,219.91
29/09/2011,220.07
30/09/2011,220.2
03/10/2011,220.56
04/10/2011,220.9
05/10/2011,220.33
06/10/2011,219.92
07/10/2011,219.54
11/10/2011,219.33
12/10/2011,218.85
13/10/2011,219.35
14/10/2011,218.63
17/10/2011,219.35
18/10/2011,219.81
19/10/2011,219.64
20/10/2011,219.61
21/10/2011,219.39
24/10/2011,219.39
25/10/2011,219.84
26/10/2011,220.05
27/10/2011,218.86
28/10/2011,219.22
31/10/2011,220.33
01/11/2011,222.02
02/11/2011,221.93
04/11/2011,221.99
07/11/2011,222.42
08/11/2011,222.28
09/11/2011,222.6
10/11/2011,222.25
11/11/2011,221.64
14/11/2011,222.57
15/11/2011,222.62
16/11/2011,221.97
17/11/2011,221.33
18/11/2011,220.36
21/11/2011,220.42
22/11/2011,220.29
25/11/2011,217.03
28/11/2011,217.68
29/11/2011,217.38
30/11/2011,218.43
01/12/2011,219.23
02/12/2011,219.88
05/12/2011,219.75
06/12/2011,219.55
07/12/2011,220.23
08/12/2011,220.52
09/12/2011,219.96
12/12/2011,220.31
13/12/2011,220.41
14/12/2011,221
15/12/2011,220.96
16/12/2011,221.54
19/12/2011,221.33
20/12/2011,220.83
21/12/2011,220.89
22/12/2011,220.86
27/12/2011,220.69
28/12/2011,220.95
29/12/2011,221.52
30/12/2011,221.77
04/01/2012,221.11
05/01/2012,221.74
06/01/2012,221.86
10/01/2012,221.87
11/01/2012,222.68
12/01/2012,222.68
13/01/2012,224.01
17/01/2012,224.87
18/01/2012,225.56
19/01/2012,225.79
20/01/2012,225.93
23/01/2012,225.94
24/01/2012,225.84
25/01/2012,226.33
26/01/2012,226.92
27/01/2012,226.78
30/01/2012,226.51
31/01/2012,226.66
01/02/2012,227.35
02/02/2012,228.01
03/02/2012,228.56
06/02/2012,228.87
07/02/2012,228.58
08/02/2012,228.77
09/02/2012,228.96
10/02/2012,228.56
13/02/2012,228.93
14/02/2012,229.19
15/02/2012,230.11
16/02/2012,230.01
17/02/2012,230.96
21/02/2012,231.6
22/02/2012,231.53
23/02/2012,231.65
24/02/2012,232.17
27/02/2012,232.31
28/02/2012,233.14
29/02/2012,232.53
01/03/2012,232.98
02/03/2012,233.23
05/03/2012,232.57
06/03/2012,231.11
07/03/2012,231.3
08/03/2012,233.03
09/03/2012,234.08
12/03/2012,233.95
13/03/2012,235.08
14/03/2012,235.58
15/03/2012,235.86
16/03/2012,235.62
19/03/2012,235.83
21/03/2012,235.5
22/03/2012,235.12
23/03/2012,235.09
26/03/2012,235.86
27/03/2012,236.71
28/03/2012,236.34
29/03/2012,235.68
30/03/2012,235.97
02/04/2012,236.67
03/04/2012,235.79
04/04/2012,233.88
05/04/2012,233.86
10/04/2012,232.19
11/04/2012,231.98
12/04/2012,232.92
13/04/2012,232.5
16/04/2012,232.42
17/04/2012,232.71
18/04/2012,233.08
19/04/2012,233.06
20/04/2012,232.85
23/04/2012,233.06
24/04/2012,232.36
25/04/2012,232.53
26/04/2012,233.1
27/04/2012,232.98
02/05/2012,233.83
07/05/2012,233.25
08/05/2012,233.92
09/05/2012,233.84
10/05/2012,233.59
11/05/2012,234.18
14/05/2012,234.53
15/05/2012,233.74
16/05/2012,232.84
17/05/2012,232.77
18/05/2012,231.9
21/05/2012,232.28
22/05/2012,232.35
23/05/2012,233.17
24/05/2012,233.08
25/05/2012,233.61
29/05/2012,234.83
30/05/2012,236.16
31/05/2012,237.24
01/06/2012,236.9
04/06/2012,235.19
05/06/2012,234.96
06/06/2012,234.11
07/06/2012,233.89
08/06/2012,234.13
11/06/2012,234.4
12/06/2012,233.23
13/06/2012,232.91
14/06/2012,232.72
15/06/2012,233.37
18/06/2012,233.46
19/06/2012,232.6
20/06/2012,232
21/06/2012,232.63
22/06/2012,231.89
25/06/2012,232.5
26/06/2012,232.07
27/06/2012,231.84
28/06/2012,232.45
29/06/2012,231.85
02/07/2012,232.66
03/07/2012,232.25
05/07/2012,233.33
06/07/2012,234.29
09/07/2012,234.2
10/07/2012,234.52
11/07/2012,234.78
12/07/2012,234.02
13/07/2012,234.69
17/07/2012,234.97
18/07/2012,235.32
19/07/2012,235.22
20/07/2012,234.26
23/07/2012,232.88
24/07/2012,232.58
25/07/2012,232.35
26/07/2012,233.54
27/07/2012,234.4
30/07/2012,234.74
31/07/2012,235
01/08/2012,234.62
02/08/2012,234.33
03/08/2012,234.91
06/08/2012,235.54
07/08/2012,235.78
08/08/2012,235.96
09/08/2012,236.14
10/08/2012,236.31
13/08/2012,236.09
14/08/2012,235.48
15/08/2012,233.58
16/08/2012,233.98
17/08/2012,234.96
20/08/2012,234.72
21/08/2012,234.23
22/08/2012,235.41
23/08/2012,236.42
24/08/2012,237
27/08/2012,237.12
28/08/2012,237.23
29/08/2012,236.72
30/08/2012,236.98
31/08/2012,237.26
04/09/2012,236.58
05/09/2012,236.31
06/09/2012,235.53
07/09/2012,236.43
10/09/2012,236.05
11/09/2012,235.94
12/09/2012,235.35
13/09/2012,236.37
14/09/2012,235.12
18/09/2012,236.08
19/09/2012,236.4
20/09/2012,236.83
21/09/2012,236.98
24/09/2012,237.55
25/09/2012,237.26
26/09/2012,238.45
27/09/2012,238.61
28/09/2012,238.41
01/10/2012,238.03
02/10/2012,237.91
03/10/2012,238.29
04/10/2012,238.06
05/10/2012,237.11
09/10/2012,236.95
10/10/2012,236.06
11/10/2012,236.32
12/10/2012,236.37
15/10/2012,237.18
16/10/2012,238.53
17/10/2012,238.71
18/10/2012,239.38
19/10/2012,238.32
22/10/2012,238.39
23/10/2012,237.14
24/10/2012,237.1
25/10/2012,237.76
26/10/2012,237.69
29/10/2012,237.74
30/10/2012,237.88
31/10/2012,238.11
01/11/2012,239
02/11/2012,239.25
05/11/2012,239.24
06/11/2012,239.45
07/11/2012,237.95
08/11/2012,237.13
09/11/2012,236.83
12/11/2012,236.71
13/11/2012,236.36
14/11/2012,235.69
15/11/2012,235.75
16/11/2012,236.36
19/11/2012,236.73
20/11/2012,235.88
21/11/2012,235.72
26/11/2012,237.36
27/11/2012,237.24
28/11/2012,238.23
29/11/2012,238.99
30/11/2012,239.72
03/12/2012,239.28
04/12/2012,239.77
05/12/2012,240.8
06/12/2012,242.18
07/12/2012,242.33
10/12/2012,242.86
11/12/2012,242.72
12/12/2012,242.39
13/12/2012,241.95
14/12/2012,241.73
17/12/2012,241.52
18/12/2012,241.11
19/12/2012,241.38
20/12/2012,241.44
21/12/2012,241.79
27/12/2012,243.03
28/12/2012,242.82
04/01/2013,240.33
07/01/2013,240.57
08/01/2013,240.93
09/01/2013,241.49
10/01/2013,240.58
11/01/2013,240.59
15/01/2013,241.76
16/01/2013,241.54
17/01/2013,241.04
18/01/2013,242.08
22/01/2013,241.77
23/01/2013,242.07
24/01/2013,241.74
25/01/2013,241.13
28/01/2013,239.7
29/01/2013,239.93
30/01/2013,239.47
31/01/2013,240.44
01/02/2013,240.73
04/02/2013,241.07
05/02/2013,240.32
06/02/2013,241.43
07/02/2013,241.99
08/02/2013,241.82
12/02/2013,241.88
13/02/2013,241
14/02/2013,241.75
15/02/2013,241.19
19/02/2013,242.07
20/02/2013,241.56
21/02/2013,242.79
22/02/2013,243.49
25/02/2013,244.18
26/02/2013,245.73
27/02/2013,246.22
28/02/2013,246.27
01/03/2013,246.93
04/03/2013,247.04
05/03/2013,246.43
06/03/2013,246.78
07/03/2013,245.75
08/03/2013,245.06
11/03/2013,245.55
12/03/2013,246.19
13/03/2013,246.3
14/03/2013,246.43
15/03/2013,247.28
18/03/2013,248.22
19/03/2013,249.21
21/03/2013,248.97
22/03/2013,248.97
25/03/2013,249.56
26/03/2013,249.74
27/03/2013,250.51
28/03/2013,250.56
02/04/2013,250.45
03/04/2013,251.15
04/04/2013,252.53
05/04/2013,251.65
08/04/2013,251.46
09/04/2013,251.33
10/04/2013,250.72
11/04/2013,251.28
12/04/2013,251.12
15/04/2013,250.59
16/04/2013,250.63
17/04/2013,250.45
18/04/2013,250.17
19/04/2013,249.99
22/04/2013,250.99
23/04/2013,251.64
24/04/2013,252.59
25/04/2013,252.6
26/04/2013,252.95
30/04/2013,253.03
02/05/2013,254.49
07/05/2013,253.05
08/05/2013,253.9
09/05/2013,253.57
10/05/2013,251.42
13/05/2013,250.87
14/05/2013,250.54
15/05/2013,251.03
16/05/2013,251.31
17/05/2013,251.67
20/05/2013,251.84
21/05/2013,251.73
22/05/2013,252.21
23/05/2013,250.1
24/05/2013,250.24
28/05/2013,250.24
29/05/2013,249.37
30/05/2013,248.82
31/05/2013,248.54
03/06/2013,247.7
04/06/2013,248.19
05/06/2013,246.25
06/06/2013,246.02
07/06/2013,246.55
10/06/2013,248.27
11/06/2013,247.15
12/06/2013,246.36
13/06/2013,245.44
14/06/2013,246.94
17/06/2013,246.79
18/06/2013,246.26
19/06/2013,245.29
20/06/2013,242.21
21/06/2013,240.42
24/06/2013,238.69
25/06/2013,238.96
26/06/2013,239.7
27/06/2013,240.5
28/06/2013,240.51
01/07/2013,240.54
02/07/2013,240.58
03/07/2013,240.67
05/07/2013,239.87
08/07/2013,240.15
09/07/2013,240.67
10/07/2013,240.51
11/07/2013,241.29
12/07/2013,241.45
16/07/2013,241.64
17/07/2013,241.94
18/07/2013,241.94
19/07/2013,241.95
22/07/2013,242.12
23/07/2013,242.02
24/07/2013,241.57
25/07/2013,241.42
26/07/2013,241.6
29/07/2013,241.43
30/07/2013,241.55
31/07/2013,241.24
01/08/2013,240.92
02/08/2013,242.11
05/08/2013,241.92
06/08/2013,241.62
07/08/2013,242.07
08/08/2013,242.05
09/08/2013,241.99
12/08/2013,241.78
13/08/2013,241.79
14/08/2013,241.89
15/08/2013,240.92
16/08/2013,240.66
19/08/2013,240.58
20/08/2013,240.08
21/08/2013,239.76
22/08/2013,240.04
23/08/2013,240.7
26/08/2013,240.63
27/08/2013,239.81
28/08/2013,239.23
29/08/2013,239.56
30/08/2013,239.11
03/09/2013,240.34
04/09/2013,240.74
05/09/2013,240.43
06/09/2013,240.29
09/09/2013,241.52
10/09/2013,242.53
11/09/2013,242.89
12/09/2013,242.81
13/09/2013,243.16
17/09/2013,244.21
18/09/2013,245.04
19/09/2013,245.82
20/09/2013,245.69
24/09/2013,247.08
25/09/2013,247.56
26/09/2013,247.68
27/09/2013,248.06
30/09/2013,248.06
01/10/2013,247.92
02/10/2013,247.94
03/10/2013,247.84
04/10/2013,247.79
07/10/2013,247.93
08/10/2013,247.72
09/10/2013,247.95
10/10/2013,247.77
11/10/2013,248.03
15/10/2013,247.75
16/10/2013,247.92
17/10/2013,248.66
18/10/2013,249.02
21/10/2013,249.15
22/10/2013,249.93
23/10/2013,250.1
24/10/2013,250.33
25/10/2013,250.18
28/10/2013,250.64
29/10/2013,251.04
30/10/2013,251.67
31/10/2013,251.89
01/11/2013,251.25
05/11/2013,250.93
06/11/2013,251.22
07/11/2013,251.58
08/11/2013,250.57
11/11/2013,250.46
12/11/2013,250.35
13/11/2013,250.9
14/11/2013,252.2
15/11/2013,253.03
18/11/2013,253.28
19/11/2013,252.92
20/11/2013,252.42
21/11/2013,253.27
22/11/2013,253.55
25/11/2013,254.44
26/11/2013,254.32
27/11/2013,254.47
29/11/2013,255.25
02/12/2013,254.85
03/12/2013,254.08
04/12/2013,253.04
05/12/2013,251.73
06/12/2013,252.77
09/12/2013,253.78
10/12/2013,253.45
11/12/2013,252.72
12/12/2013,252.08
13/12/2013,252
16/12/2013,252.26
17/12/2013,252.47
18/12/2013,252.94
19/12/2013,251.74
20/12/2013,251.63
27/12/2013,251.71
30/12/2013,251.93
06/01/2014,252.45
07/01/2014,252.85
08/01/2014,253
09/01/2014,252.88
10/01/2014,254.36
14/01/2014,254.35
15/01/2014,254.81
16/01/2014,255.06
17/01/2014,255.91
21/01/2014,256.08
22/01/2014,255.1
23/01/2014,255.61
24/01/2014,254.38
27/01/2014,254.27
28/01/2014,254.09
29/01/2014,253.88
30/01/2014,254.68
31/01/2014,255.57
03/02/2014,255.4
04/02/2014,253.87
05/02/2014,254.62
06/02/2014,254.47
07/02/2014,256.04
10/02/2014,256.58
12/02/2014,256.22
13/02/2014,256.8
14/02/2014,256.66
18/02/2014,257.33
19/02/2014,257.34
20/02/2014,256.65
21/02/2014,257.09
24/02/2014,256.89
25/02/2014,257.57
26/02/2014,258.26
27/02/2014,259.57
28/02/2014,258.36
03/03/2014,258.98
04/03/2014,258.61
05/03/2014,258.24
06/03/2014,257.81
07/03/2014,256.92
10/03/2014,257.21
11/03/2014,257.39
12/03/2014,257.75
13/03/2014,257.84
14/03/2014,258.08
17/03/2014,258.04
18/03/2014,258.38
19/03/2014,257.19
20/03/2014,256.06
24/03/2014,256.54
25/03/2014,257.7
26/03/2014,258.28
27/03/2014,258.78
28/03/2014,259.09
31/03/2014,258.72
01/04/2014,259.23
02/04/2014,259.12
03/04/2014,258.7
04/04/2014,259.81
07/04/2014,260.32
08/04/2014,259.83
09/04/2014,259.48
10/04/2014,260.33
11/04/2014,260.08
14/04/2014,259.64
15/04/2014,259.21
16/04/2014,259.86
17/04/2014,259.84
22/04/2014,259.99
23/04/2014,260.89
24/04/2014,260.72
25/04/2014,260.35
28/04/2014,260.28
30/04/2014,260.85
02/05/2014,262.26
07/05/2014,262.6
08/05/2014,262.78
09/05/2014,262.76
12/05/2014,263.03
13/05/2014,264
14/05/2014,265.26
15/05/2014,265.9
16/05/2014,265.87
19/05/2014,265.82
20/05/2014,266.09
21/05/2014,265.67
22/05/2014,266.27
23/05/2014,266.84
27/05/2014,267.94
28/05/2014,269.35
29/05/2014,269.82
30/05/2014,269.22
02/06/2014,269.12
03/06/2014,268.01
04/06/2014,267.72
05/06/2014,268.09
06/06/2014,269.5
09/06/2014,269.37
10/06/2014,268.87
11/06/2014,268.77
12/06/2014,269.08
13/06/2014,269.25
16/06/2014,269.35
17/06/2014,268.84
18/06/2014,269.27
19/06/2014,270.8
20/06/2014,270.59
23/06/2014,270.88
24/06/2014,271.26
25/06/2014,271.82
26/06/2014,272.64
27/06/2014,272.57
30/06/2014,272.92
01/07/2014,273.28
02/07/2014,272.83
03/07/2014,272.19
07/07/2014,272.84
08/07/2014,273.44
09/07/2014,274.39
10/07/2014,274.23
11/07/2014,274.19
14/07/2014,275.61
15/07/2014,275.71
16/07/2014,276.62
17/07/2014,275.11
18/07/2014,274.82
22/07/2014,275.66
23/07/2014,276.11
24/07/2014,276.14
25/07/2014,275.51
28/07/2014,275.72
29/07/2014,276.98
30/07/2014,276.11
31/07/2014,272.98
01/08/2014,270.87
04/08/2014,270.79
05/08/2014,269.68
06/08/2014,268.3
07/08/2014,267.73
08/08/2014,266.81
11/08/2014,269.16
12/08/2014,268.67
13/08/2014,270.28
14/08/2014,271.64
15/08/2014,272.05
18/08/2014,272.28
19/08/2014,272.34
20/08/2014,272.03
21/08/2014,272.06
22/08/2014,272.5
25/08/2014,273.65
26/08/2014,273.93
27/08/2014,274.58
28/08/2014,274.7
29/08/2014,274.15
02/09/2014,273.41
03/09/2014,272.97
04/09/2014,272.76
05/09/2014,272.85
08/09/2014,273.67
09/09/2014,272.02
10/09/2014,271.56
11/09/2014,271.83
12/09/2014,270.74
16/09/2014,271.29
17/09/2014,271.32
18/09/2014,271.18
19/09/2014,271.91
22/09/2014,272.64
24/09/2014,272.86
25/09/2014,273.08
26/09/2014,273.02
29/09/2014,272.89
30/09/2014,273.05
01/10/2014,273.96
02/10/2014,272.9
06/10/2014,273.33
07/10/2014,273.66
08/10/2014,274.57
09/10/2014,274.4
10/10/2014,273.21
14/10/2014,274.18
15/10/2014,275.8
16/10/2014,275.22
17/10/2014,273.53
20/10/2014,274.22
21/10/2014,273.89
22/10/2014,274.07
23/10/2014,273.76
24/10/2014,274.15
27/10/2014,274.1
28/10/2014,274.23
29/10/2014,273.47
30/10/2014,274.37
31/10/2014,275.13
04/11/2014,275.91
05/11/2014,275.96
06/11/2014,275.43
07/11/2014,275.86
10/11/2014,276.11
11/11/2014,275.45
12/11/2014,275.6
13/11/2014,276.43
14/11/2014,277.02
17/11/2014,276.46
18/11/2014,277.5
19/11/2014,276.83
20/11/2014,277.56
21/11/2014,279.2
25/11/2014,280.11
26/11/2014,280.92
28/11/2014,282.6
01/12/2014,282.22
02/12/2014,281.58
03/12/2014,281.81
04/12/2014,281.92
05/12/2014,281.79
08/12/2014,282.23
09/12/2014,282.5
10/12/2014,282.7
11/12/2014,282.48
12/12/2014,282.71
15/12/2014,281.54
16/12/2014,282.75
17/12/2014,282.5
18/12/2014,283.51
19/12/2014,284.28
22/12/2014,285.27
29/12/2014,286.24
30/12/2014,286.09
05/01/2015,286.8
06/01/2015,286.92
07/01/2015,287.3
08/01/2015,288.15
09/01/2015,287.94
13/01/2015,289.87
14/01/2015,289.07
15/01/2015,291
16/01/2015,290.39
20/01/2015,291.29
21/01/2015,289.81
22/01/2015,289.9
23/01/2015,292.35
26/01/2015,292.75
27/01/2015,292.11
28/01/2015,292.89
29/01/2015,293.11
30/01/2015,293.16
02/02/2015,293.5
03/02/2015,291.91
04/02/2015,292.19
05/02/2015,291.82
06/02/2015,291.15
09/02/2015,290.91
10/02/2015,290.6
12/02/2015,291.16
13/02/2015,290.86
17/02/2015,290.18
18/02/2015,290.57
19/02/2015,290.66
20/02/2015,291.11
23/02/2015,291.94
24/02/2015,293.01
25/02/2015,293.78
26/02/2015,294.76
27/02/2015,294.08
02/03/2015,293.85
03/03/2015,292.07
04/03/2015,291.63
05/03/2015,292.27
06/03/2015,291.52
09/03/2015,291.77
10/03/2015,292.05
11/03/2015,293.57
12/03/2015,295.31
13/03/2015,295.87
16/03/2015,297.93
17/03/2015,297.59
18/03/2015,298.59
19/03/2015,298.45
20/03/2015,299.44
23/03/2015,299.11
24/03/2015,299.27
25/03/2015,298.05
26/03/2015,296.87
27/03/2015,297.24
30/03/2015,298.86
31/03/2015,297.74
01/04/2015,297.5
02/04/2015,297.95
07/04/2015,298.7
08/04/2015,299.42
09/04/2015,300.16
10/04/2015,301.04
13/04/2015,300.64
14/04/2015,300.49
15/04/2015,300.47
16/04/2015,300.46
17/04/2015,300.58
20/04/2015,300.47
21/04/2015,300.72
22/04/2015,300.01
23/04/2015,298.85
24/04/2015,299.07
27/04/2015,299.38
28/04/2015,298.61
30/04/2015,292.57
07/05/2015,284.69
08/05/2015,287.6
11/05/2015,286.43
12/05/2015,284.05
13/05/2015,284.43
14/05/2015,284.33
15/05/2015,284.93
18/05/2015,284.86
19/05/2015,285.24
20/05/2015,285.2
21/05/2015,285.11
22/05/2015,285.17
26/05/2015,285.5
27/05/2015,285.72
28/05/2015,285.75
29/05/2015,285.54
01/06/2015,285.47
02/06/2015,284.58
03/06/2015,283.9
04/06/2015,283.56
05/06/2015,283.32
08/06/2015,283.3
09/06/2015,282.85
10/06/2015,282.46
11/06/2015,282.94
12/06/2015,283.32
15/06/2015,283.7
16/06/2015,284.01
17/06/2015,284.02
18/06/2015,284.41
19/06/2015,284.77
22/06/2015,284.54
23/06/2015,284.13
24/06/2015,284.43
25/06/2015,284.21
26/06/2015,283.69
29/06/2015,284.11
30/06/2015,283.95
01/07/2015,283.71
02/07/2015,283.41
06/07/2015,284.59
07/07/2015,285.13
08/07/2015,285.01
09/07/2015,284.4
10/07/2015,282.97
13/07/2015,283.01
14/07/2015,283.75
15/07/2015,284.58
16/07/2015,284.68
17/07/2015,285.06
21/07/2015,285.63
22/07/2015,285.54
23/07/2015,285.87
24/07/2015,286.05
27/07/2015,286.39
28/07/2015,286.12
29/07/2015,286.04
30/07/2015,286.34
31/07/2015,286.83
03/08/2015,287.43
04/08/2015,287.14
05/08/2015,286.53
06/08/2015,286.49
07/08/2015,287.11
10/08/2015,287.13
11/08/2015,287.61
12/08/2015,287.52
13/08/2015,287.39
14/08/2015,287.21
17/08/2015,287.53
18/08/2015,287.14
19/08/2015,286.95
20/08/2015,286.95
21/08/2015,285.68
24/08/2015,283.54
25/08/2015,280.6
26/08/2015,281.97
27/08/2015,282.19
28/08/2015,282.63
31/08/2015,281.6
01/09/2015,280.43
02/09/2015,280.54
03/09/2015,281.05
04/09/2015,281.37
08/09/2015,281.72
09/09/2015,282.4
10/09/2015,281.93
11/09/2015,282.42
14/09/2015,282.53
15/09/2015,281.58
16/09/2015,280.79
17/09/2015,281.27
18/09/2015,282.69
24/09/2015,282.98
25/09/2015,282.38
28/09/2015,282.79
29/09/2015,282.9
30/09/2015,283.2
01/10/2015,283.76
02/10/2015,284.7
05/10/2015,284.62
06/10/2015,283.86
07/10/2015,283.93
08/10/2015,284.03
09/10/2015,283.94
13/10/2015,284.88
14/10/2015,285.26
15/10/2015,285.56
16/10/2015,285.72
19/10/2015,285.72
20/10/2015,284.83
21/10/2015,285.36
22/10/2015,286.55
23/10/2015,287.61
26/10/2015,288.08
27/10/2015,288.58
28/10/2015,288.53
29/10/2015,287.56
30/10/2015,287.23
02/11/2015,286.77
04/11/2015,286.35
05/11/2015,286.37
06/11/2015,285.61
09/11/2015,284.61
10/11/2015,286.1
11/11/2015,286.23
12/11/2015,286.49
13/11/2015,287.06
16/11/2015,287.46
17/11/2015,288.5
18/11/2015,289.15
19/11/2015,290
20/11/2015,290.13
24/11/2015,289.63
25/11/2015,290.47
27/11/2015,291.33
30/11/2015,291.26
01/12/2015,291.54
02/12/2015,292.07
03/12/2015,288.27
04/12/2015,286.39
07/12/2015,288.81
08/12/2015,288.67
09/12/2015,288.63
10/12/2015,288.13
11/12/2015,288.85
14/12/2015,287.49
15/12/2015,286.72
16/12/2015,287.5
17/12/2015,288.77
18/12/2015,288.85
21/12/2015,288.95
22/12/2015,288.38
28/12/2015,288.18
29/12/2015,287.93
30/12/2015,287.68
04/01/2016,287.2
05/01/2016,287.52
06/01/2016,288.79
07/01/2016,287.61
08/01/2016,287.59
12/01/2016,287.48
13/01/2016,288.33
14/01/2016,288.11
15/01/2016,288
19/01/2016,288.21
20/01/2016,288.68
21/01/2016,288.47
22/01/2016,289.06
25/01/2016,290.63
26/01/2016,290.94
27/01/2016,291.39
28/01/2016,291.27
29/01/2016,295.31
01/02/2016,296.26
02/02/2016,297.3
03/02/2016,295.68
04/02/2016,295.9
05/02/2016,295.7
08/02/2016,296.56
09/02/2016,296.25
10/02/2016,296.02
12/02/2016,294.59
16/02/2016,295.95
17/02/2016,295.68
18/02/2016,296.9
19/02/2016,297.24
22/02/2016,297.67
23/02/2016,297.51
24/02/2016,297.75
25/02/2016,298.33
26/02/2016,298.39
29/02/2016,298.47
01/03/2016,298.39
02/03/2016,298.17
03/03/2016,298.39
04/03/2016,298.26
07/03/2016,297.97
08/03/2016,298.68
09/03/2016,296.11
10/03/2016,295.61
11/03/2016,295.28
14/03/2016,296.63
15/03/2016,295.53
16/03/2016,295.94
17/03/2016,296.63
18/03/2016,297.8
22/03/2016,297.79
23/03/2016,298.35
24/03/2016,298.94
29/03/2016,301.43
30/03/2016,301.91
31/03/2016,300.96
01/04/2016,300.51
04/04/2016,300.78
05/04/2016,300.58
06/04/2016,299.99
07/04/2016,300.11
08/04/2016,300.06
11/04/2016,299.96
12/04/2016,299.24
13/04/2016,300.43
14/04/2016,301.15
15/04/2016,301.57
18/04/2016,301.31
19/04/2016,301.56
20/04/2016,300.84
21/04/2016,300.23
22/04/2016,300.34
25/04/2016,299.78
26/04/2016,298.71
27/04/2016,298.5
28/04/2016,298.61
02/05/2016,297.53
06/05/2016,300.01
09/05/2016,301.18
10/05/2016,302.33
11/05/2016,301.85
12/05/2016,300.82
13/05/2016,300.48
16/05/2016,300.58
17/05/2016,300.24
18/05/2016,299.86
19/05/2016,299.58
20/05/2016,300.03
23/05/2016,299.76
24/05/2016,300.39
25/05/2016,301.41
26/05/2016,301.87
27/05/2016,302.2
31/05/2016,302.86
01/06/2016,302.21
02/06/2016,301.23
03/06/2016,301.4
06/06/2016,301.78
07/06/2016,302.76
08/06/2016,302.87
09/06/2016,302.19
10/06/2016,301.26
13/06/2016,299.67
14/06/2016,299.2
15/06/2016,299.8
16/06/2016,299.69
17/06/2016,298.55
20/06/2016,298.78
21/06/2016,299.13
22/06/2016,299.05
23/06/2016,298.91
24/06/2016,299.73
27/06/2016,300.78
28/06/2016,301.53
29/06/2016,302.8
30/06/2016,303.35
01/07/2016,304.59
05/07/2016,305.6
06/07/2016,305.29
07/07/2016,305.2
08/07/2016,305.97
11/07/2016,306.8
12/07/2016,305.82
13/07/2016,306.46
14/07/2016,305.9
15/07/2016,304.9
19/07/2016,305.67
20/07/2016,305.63
21/07/2016,305.41
22/07/2016,305.32
25/07/2016,305.85
26/07/2016,306.15
27/07/2016,307.29
28/07/2016,307.4
29/07/2016,307.32
01/08/2016,307.36
02/08/2016,305.28
03/08/2016,305.05
04/08/2016,305.75
05/08/2016,305.72
08/08/2016,304.93
09/08/2016,306.78
10/08/2016,308.31
12/08/2016,307.41
15/08/2016,306.34
16/08/2016,305.22
17/08/2016,304.56
18/08/2016,304.95
19/08/2016,304.34
22/08/2016,304.43
23/08/2016,304.9
24/08/2016,304.86
25/08/2016,304.27
26/08/2016,303.48
29/08/2016,304.34
30/08/2016,305.07
31/08/2016,305.24
01/09/2016,304.71
02/09/2016,304.86
06/09/2016,306.38
07/09/2016,307.27
08/09/2016,305.37
09/09/2016,302.78
12/09/2016,301.09
13/09/2016,300.74
14/09/2016,300.94
15/09/2016,300.57
16/09/2016,301
20/09/2016,301.66
21/09/2016,301.87
23/09/2016,303.64
26/09/2016,303.3
27/09/2016,304.56
28/09/2016,304.38
29/09/2016,304.21
30/09/2016,304.33
03/10/2016,304.1
04/10/2016,303.67
05/10/2016,302.78
06/10/2016,302.46
07/10/2016,302.05
11/10/2016,301.46
12/10/2016,301.36
13/10/2016,301.4
14/10/2016,301.27
17/10/2016,301.2
18/10/2016,301.79
19/10/2016,302.12
20/10/2016,302.68
21/10/2016,303.08
24/10/2016,303.34
25/10/2016,303.32
26/10/2016,302.41
27/10/2016,300.57
28/10/2016,300.53
31/10/2016,300.9
01/11/2016,299.93
02/11/2016,300.86
04/11/2016,300.96
07/11/2016,301.7
08/11/2016,301.85
09/11/2016,299.7
10/11/2016,298.82
11/11/2016,298.17
14/11/2016,296.65
15/11/2016,297.2
16/11/2016,296.51
17/11/2016,297.07
18/11/2016,296.32
21/11/2016,296.23
22/11/2016,297.15
25/11/2016,297.59
28/11/2016,297.82
29/11/2016,298.03
30/11/2016,296.62
01/12/2016,294.18
02/12/2016,294.71
05/12/2016,294.84
06/12/2016,295.13
07/12/2016,296.32
08/12/2016,295.7
09/12/2016,295.94
12/12/2016,295.56
13/12/2016,296.26
14/12/2016,296.5
15/12/2016,295.91
16/12/2016,296.21
19/12/2016,296.81
20/12/2016,297.57
21/12/2016,297.63
22/12/2016,297.27
27/12/2016,297.4
28/12/2016,297.81
29/12/2016,298.44
30/12/2016,298.73
04/01/2017,298.94
05/01/2017,299.32
06/01/2017,299.28
10/01/2017,300.34
11/01/2017,300.53
12/01/2017,300.35
13/01/2017,300.52
17/01/2017,301.22
18/01/2017,300.24
19/01/2017,299.05
20/01/2017,298.78
23/01/2017,299.39
24/01/2017,299.49
25/01/2017,298.11
26/01/2017,297.9
27/01/2017,298.52
30/01/2017,298.48
31/01/2017,298.03
01/02/2017,297.67
02/02/2017,298.23
03/02/2017,298.44
06/02/2017,299.89
07/02/2017,300.7
08/02/2017,301.86
09/02/2017,301.92
10/02/2017,302.12
13/02/2017,302.52
14/02/2017,301.74
15/02/2017,301.25
16/02/2017,301.93
17/02/2017,303.38
21/02/2017,304.21
22/02/2017,305.79
23/02/2017,305.95
24/02/2017,307.71
27/02/2017,307.63
28/02/2017,307.39
01/03/2017,306.68
02/03/2017,306.12
03/03/2017,305.57
06/03/2017,305.18
07/03/2017,305.45
08/03/2017,304.38
09/03/2017,303.37
10/03/2017,303.21
13/03/2017,303.03
14/03/2017,302.86
15/03/2017,304.12
16/03/2017,304
17/03/2017,304.03
21/03/2017,303.99
22/03/2017,304.92
23/03/2017,305.11
24/03/2017,305.08
27/03/2017,305.44
28/03/2017,305.67
29/03/2017,306.41
30/03/2017,306.71
31/03/2017,306.62
03/04/2017,307.96
04/04/2017,308.96
05/04/2017,308.45
06/04/2017,308.37
07/04/2017,308.72
10/04/2017,309.2
11/04/2017,309.43
12/04/2017,309.19
13/04/2017,308.78
18/04/2017,309.48
19/04/2017,308.88
20/04/2017,309.45
21/04/2017,310.31
24/04/2017,314.32
25/04/2017,315.42
26/04/2017,316.34
27/04/2017,316.61
28/04/2017,316.01
02/05/2017,316.92
08/05/2017,318.53
09/05/2017,318.53
10/05/2017,318.66
11/05/2017,318.18
12/05/2017,318.18
15/05/2017,318.56
16/05/2017,318.6
17/05/2017,317.29
18/05/2017,317.04
19/05/2017,317.33
22/05/2017,317.73
23/05/2017,317.84
24/05/2017,318.14
25/05/2017,318.65
26/05/2017,318.37
30/05/2017,318.67
31/05/2017,318.78
01/06/2017,319.77
02/06/2017,321.58
05/06/2017,321.47
06/06/2017,319.86
07/06/2017,319.94
08/06/2017,320.01
09/06/2017,320.48
12/06/2017,319.78
13/06/2017,320.27
14/06/2017,321
15/06/2017,319.4
16/06/2017,320
19/06/2017,321.96
20/06/2017,322
21/06/2017,321.24
22/06/2017,321.27
23/06/2017,321
26/06/2017,321.45
27/06/2017,319.9
28/06/2017,319.71
29/06/2017,317.42
30/06/2017,315.79
03/07/2017,316.57
05/07/2017,316.62
06/07/2017,314.75
07/07/2017,314.82
10/07/2017,316.22
11/07/2017,316.21
12/07/2017,317.9
13/07/2017,318.41
14/07/2017,318.7
18/07/2017,318.6
19/07/2017,318.75
20/07/2017,318.89
21/07/2017,319.51
24/07/2017,319.55
25/07/2017,318.62
26/07/2017,318.59
27/07/2017,318.73
28/07/2017,318.25
31/07/2017,318.29
01/08/2017,319.35
02/08/2017,319.64
03/08/2017,320.06
04/08/2017,320.18
07/08/2017,320.07
08/08/2017,320.22
09/08/2017,320.53
10/08/2017,320.49
14/08/2017,320.86
15/08/2017,320.24
16/08/2017,320.86
17/08/2017,320.9
18/08/2017,321.3
21/08/2017,321.31
22/08/2017,321.76
23/08/2017,322.32
24/08/2017,322.52
25/08/2017,322.9
28/08/2017,323.41
29/08/2017,324.65
30/08/2017,324.04
31/08/2017,324.33
01/09/2017,324.25
05/09/2017,324.76
06/09/2017,325.19
07/09/2017,326.19
08/09/2017,326.82
11/09/2017,327.12
12/09/2017,326.11
13/09/2017,324.95
14/09/2017,324.68
15/09/2017,324.25
19/09/2017,323.9
20/09/2017,323.58
21/09/2017,323.59
22/09/2017,323.74
25/09/2017,324.85
26/09/2017,324.88
27/09/2017,323.09
28/09/2017,322.79
29/09/2017,323.6
02/10/2017,324.4
03/10/2017,324.35
04/10/2017,325.5
05/10/2017,325.15
06/10/2017,324.51
10/10/2017,325.69
11/10/2017,325.3
12/10/2017,325.86
13/10/2017,326.94
16/10/2017,327.18
17/10/2017,327.8
18/10/2017,327.02
19/10/2017,327.39
20/10/2017,325.83
23/10/2017,326.52
24/10/2017,325.56
25/10/2017,324.75
26/10/2017,325.55
27/10/2017,327.53
30/10/2017,328.59
31/10/2017,328.18
01/11/2017,329.41
02/11/2017,329.72
06/11/2017,331.48
07/11/2017,332.15
08/11/2017,332.5
09/11/2017,331
10/11/2017,328.75
13/11/2017,328.03
14/11/2017,328.1
15/11/2017,326.8
16/11/2017,328.49
17/11/2017,328.04
20/11/2017,327.94
21/11/2017,329.38
22/11/2017,329.05
24/11/2017,329.41
27/11/2017,329.04
28/11/2017,329.66
29/11/2017,329.68
30/11/2017,330.55
01/12/2017,329.97
04/12/2017,330.54
05/12/2017,330.17
06/12/2017,329.28
07/12/2017,330.45
08/12/2017,332.08
11/12/2017,332.36
12/12/2017,332.28
13/12/2017,331.78
14/12/2017,331.07
15/12/2017,331.72
18/12/2017,332.52
19/12/2017,330.53
20/12/2017,328.29
21/12/2017,327.74
22/12/2017,327.73
27/12/2017,328.23
28/12/2017,327
29/12/2017,326.51
04/01/2018,327.75
05/01/2018,329.07
09/01/2018,328.57
10/01/2018,327.1
11/01/2018,326.62
12/01/2018,325.71
16/01/2018,326.87
17/01/2018,326.19
18/01/2018,326.12
19/01/2018,327.08
22/01/2018,327.44
23/01/2018,328.64
24/01/2018,327.35
25/01/2018,326.27
26/01/2018,326.5
29/01/2018,325.78
30/01/2018,324.21
31/01/2018,324.24
01/02/2018,324.06
02/02/2018,321.87
05/02/2018,318.67
06/02/2018,316.62
07/02/2018,317.18
08/02/2018,314.93
09/02/2018,314.38
13/02/2018,314.92
14/02/2018,315.15
15/02/2018,315.31
16/02/2018,316.48
20/02/2018,316.67
21/02/2018,316.64
22/02/2018,316.69
23/02/2018,318.06
26/02/2018,318.79
27/02/2018,318.1
28/02/2018,317.85
01/03/2018,317.67
02/03/2018,316.9
05/03/2018,317.03
06/03/2018,317.12
07/03/2018,317.25
08/03/2018,317.96
09/03/2018,318.35
12/03/2018,319.4
13/03/2018,319.45
14/03/2018,319.66
15/03/2018,320.74
16/03/2018,320.82
19/03/2018,320.45
20/03/2018,319.65
22/03/2018,321.17
23/03/2018,320.57
26/03/2018,320.57
27/03/2018,321.92
28/03/2018,322.31
29/03/2018,322.76
03/04/2018,322.85
04/04/2018,323.11
05/04/2018,322.56
06/04/2018,323.11
09/04/2018,322.71
10/04/2018,322.89
11/04/2018,322.9
12/04/2018,322.28
13/04/2018,322.12
16/04/2018,322.04
17/04/2018,323.2
18/04/2018,323.28
19/04/2018,321.5
20/04/2018,320.05
23/04/2018,319.69
24/04/2018,319.45
25/04/2018,318.36
26/04/2018,319.76
27/04/2018,320.91
02/05/2018,320.72
07/05/2018,323
08/05/2018,322.29
09/05/2018,321.82
10/05/2018,323.26
11/05/2018,323.66
14/05/2018,322.66
15/05/2018,321.48
16/05/2018,321.47
17/05/2018,322.03
18/05/2018,322.05
21/05/2018,322.9
22/05/2018,323.25
23/05/2018,322.35
24/05/2018,321.12
25/05/2018,321.77
29/05/2018,320.52
30/05/2018,320.76
31/05/2018,319.9
01/06/2018,320.91
04/06/2018,322.09
05/06/2018,322.61
06/06/2018,322.99
07/06/2018,323.2
08/06/2018,322.78
11/06/2018,323.15
12/06/2018,322.9
13/06/2018,323.56
14/06/2018,324.07
15/06/2018,325.07
18/06/2018,324.95
19/06/2018,325.43
20/06/2018,325.03
21/06/2018,325.21
22/06/2018,325.34
25/06/2018,325.6
26/06/2018,325.33
27/06/2018,325.54
28/06/2018,325.63
29/06/2018,325.36
02/07/2018,325.24
03/07/2018,324.91
05/07/2018,325.36
06/07/2018,326.37
09/07/2018,326.17
10/07/2018,326.17
11/07/2018,326.65
12/07/2018,327.25
13/07/2018,328.43
17/07/2018,328.2
18/07/2018,328.76
19/07/2018,328.34
20/07/2018,327.8
23/07/2018,326.1
24/07/2018,326.15
25/07/2018,326.59
26/07/2018,326.47
27/07/2018,326.49
30/07/2018,324.66
31/07/2018,325.13
01/08/2018,323.5
02/08/2018,323.24
03/08/2018,325.01
06/08/2018,325.75
07/08/2018,325.84
08/08/2018,325.9
09/08/2018,326.54
10/08/2018,325.78
13/08/2018,324.53
14/08/2018,326.03
15/08/2018,323.98
16/08/2018,325.1
17/08/2018,325.3
20/08/2018,326.13
21/08/2018,326.7
22/08/2018,327.25
23/08/2018,327.5
24/08/2018,328.86
27/08/2018,330.91
28/08/2018,331.24
29/08/2018,331.68
30/08/2018,331.3
31/08/2018,330.53
04/09/2018,329.21
05/09/2018,327.08
06/09/2018,325.96
07/09/2018,325.08
10/09/2018,325.11
11/09/2018,325.92
12/09/2018,326.25
13/09/2018,327.34
14/09/2018,327.41
18/09/2018,326.93
19/09/2018,325.78
20/09/2018,325.68
21/09/2018,326.33
25/09/2018,324.58
26/09/2018,324.94
27/09/2018,325.58
28/09/2018,326.53
01/10/2018,325.86
02/10/2018,327.61
03/10/2018,326.72
04/10/2018,323.7
05/10/2018,322.67
09/10/2018,322.44
10/10/2018,321.75
11/10/2018,322.36
12/10/2018,322.32
15/10/2018,321.82
16/10/2018,322.89
17/10/2018,323.77
18/10/2018,323.31
19/10/2018,323.9
22/10/2018,323.2
23/10/2018,323.05
24/10/2018,323.15
25/10/2018,323.31
26/10/2018,323.49
29/10/2018,323.07
30/10/2018,323.93
31/10/2018,324.05
01/11/2018,323.5
02/11/2018,323.23
05/11/2018,322.38
06/11/2018,322.99
07/11/2018,323.01
08/11/2018,322.97
09/11/2018,322.56
12/11/2018,323.21
13/11/2018,323.76
14/11/2018,323.47
15/11/2018,324.76
16/11/2018,324.87
19/11/2018,324.39
20/11/2018,324.65
21/11/2018,324.83
26/11/2018,325.6
27/11/2018,325.83
28/11/2018,325.76
29/11/2018,326.25
30/11/2018,325.79
03/12/2018,326.52
04/12/2018,327.29
06/12/2018,329.2
07/12/2018,328.54
10/12/2018,328.62
11/12/2018,329.08
12/12/2018,329.69
13/12/2018,329.17
14/12/2018,329.92
17/12/2018,330.8
18/12/2018,329.93
19/12/2018,330.24
20/12/2018,329.63
21/12/2018,327.94
27/12/2018,329.63
28/12/2018,330.7
04/01/2019,333.82
07/01/2019,334.26
08/01/2019,333.57
09/01/2019,333.93
10/01/2019,334.9
11/01/2019,335.35
15/01/2019,335.07
16/01/2019,334.89
17/01/2019,334.64
18/01/2019,334.64
22/01/2019,335.54
23/01/2019,335.83
24/01/2019,337.16
25/01/2019,337.64
28/01/2019,337.33
29/01/2019,337.49
30/01/2019,337.94
31/01/2019,339.46
01/02/2019,339.39
04/02/2019,338.85
05/02/2019,339
06/02/2019,339.66
07/02/2019,340.06
08/02/2019,339.98
12/02/2019,341.36
13/02/2019,342.12
14/02/2019,342.51
15/02/2019,343.19
19/02/2019,344.68
20/02/2019,345.86
21/02/2019,345.47
22/02/2019,345.98
25/02/2019,346.66
26/02/2019,346.67
27/02/2019,346.33
28/02/2019,345.72
01/03/2019,346.67
04/03/2019,347.02
05/03/2019,346.78
06/03/2019,346.18
07/03/2019,345.42
08/03/2019,344.11
11/03/2019,345.71
12/03/2019,346.9
13/03/2019,346.73
14/03/2019,346.73
15/03/2019,347.63
18/03/2019,348.16
19/03/2019,348.65
20/03/2019,347.77
22/03/2019,346.25
25/03/2019,344.08
26/03/2019,346.34
27/03/2019,347.33
28/03/2019,346.59
29/03/2019,347.88
01/04/2019,350.2
02/04/2019,350.39
03/04/2019,351.95
04/04/2019,352.23
05/04/2019,352.86
08/04/2019,352.49
09/04/2019,351.86
10/04/2019,352.49
11/04/2019,352.5
12/04/2019,350.96
15/04/2019,350.46
16/04/2019,350.43
17/04/2019,349.68
18/04/2019,351.07
23/04/2019,351.2
24/04/2019,352.79
25/04/2019,353.23
26/04/2019,353.83
07/05/2019,353.33
08/05/2019,353.86
09/05/2019,353.69
10/05/2019,353.15
13/05/2019,353.59
14/05/2019,353.55
15/05/2019,355.24
16/05/2019,354.61
17/05/2019,355.14
20/05/2019,353.85
21/05/2019,353.67
22/05/2019,353.89
23/05/2019,354.52
24/05/2019,354.57
28/05/2019,355.85
29/05/2019,356.12
30/05/2019,355.91
31/05/2019,356.43
03/06/2019,356.96
04/06/2019,357.78
05/06/2019,359.28
06/06/2019,359.02
07/06/2019,361.5
11/06/2019,360.71
12/06/2019,360.81
13/06/2019,361.16
14/06/2019,361.24
17/06/2019,361.07
18/06/2019,363.47
19/06/2019,363.54
20/06/2019,365.31
21/06/2019,363.92
24/06/2019,364.37
25/06/2019,364.6
26/06/2019,363.59
27/06/2019,363.55
28/06/2019,365.24
01/07/2019,366.69
02/07/2019,367.6
03/07/2019,368.35
05/07/2019,366.54
08/07/2019,366.67
09/07/2019,365.66
10/07/2019,363.77
11/07/2019,363.07
12/07/2019,361.57
16/07/2019,363.22
17/07/2019,363.55
18/07/2019,364.14
19/07/2019,364.59
22/07/2019,365.28
23/07/2019,365.71
24/07/2019,366.75
25/07/2019,366.26
26/07/2019,366.51
29/07/2019,366.97
30/07/2019,366.6
31/07/2019,366.74
01/08/2019,367.81
02/08/2019,367.98
05/08/2019,367.92
06/08/2019,368.38
07/08/2019,370.96
08/08/2019,370.25
09/08/2019,370.81
13/08/2019,372.56
14/08/2019,372.6
15/08/2019,373.56
16/08/2019,374.85
19/08/2019,373.56
20/08/2019,375.17
21/08/2019,375.12
22/08/2019,374.2
23/08/2019,373.65
26/08/2019,374.25
27/08/2019,375.08
28/08/2019,376.54
29/08/2019,376.27
30/08/2019,376.87
03/09/2019,377.44
04/09/2019,376.47
05/09/2019,375.47
06/09/2019,375.49
09/09/2019,374.63
10/09/2019,373.36
11/09/2019,372.92
12/09/2019,373.31
13/09/2019,369.82
17/09/2019,369.01
18/09/2019,370.09
19/09/2019,370.96
20/09/2019,371.65
24/09/2019,373.88
25/09/2019,374.36
26/09/2019,373.76
27/09/2019,373.62
30/09/2019,372.93
01/10/2019,371.6
02/10/2019,371.77
04/10/2019,374.23
07/10/2019,374.53
08/10/2019,373.96
09/10/2019,373.31
10/10/2019,371.99
11/10/2019,370.52
15/10/2019,371.54
16/10/2019,370.55
17/10/2019,369.76
18/10/2019,369.71
21/10/2019,369.62
23/10/2019,370.73
24/10/2019,370.65
25/10/2019,370.18
28/10/2019,368.94
29/10/2019,369.12
30/10/2019,368.71
31/10/2019,371.22
01/11/2019,371.54
05/11/2019,368.29
06/11/2019,367.97
07/11/2019,366.73
08/11/2019,365.88
11/11/2019,366.67
12/11/2019,366.8
13/11/2019,367.3
14/11/2019,367.37
15/11/2019,368.41
18/11/2019,368.44
19/11/2019,368.35
20/11/2019,367.67
21/11/2019,366.5
22/11/2019,366.91
25/11/2019,369.33
26/11/2019,370.04
27/11/2019,371.22
02/12/2019,366.33
03/12/2019,365.29
04/12/2019,366.14
05/12/2019,366.11
06/12/2019,367.64
09/12/2019,367.55
10/12/2019,367.06
11/12/2019,368.02
12/12/2019,368.5
13/12/2019,368.41
16/12/2019,369.22
17/12/2019,368.59
18/12/2019,367.95
19/12/2019,366.26
20/12/2019,366.47
23/12/2019,367.54
27/12/2019,368.49
30/12/2019,366.1
06/01/2020,370.19
07/01/2020,370.15
08/01/2020,370.22
09/01/2020,369.79
10/01/2020,369.82
14/01/2020,369.66
15/01/2020,370.68
16/01/2020,371.8
17/01/2020,372.44
21/01/2020,372.48
22/01/2020,372.82
23/01/2020,371.8
24/01/2020,372.56
27/01/2020,369.31
28/01/2020,369.87
29/01/2020,370.7
30/01/2020,368.97
31/01/2020,368
03/02/2020,368.26
04/02/2020,370.55
05/02/2020,372.66
06/02/2020,374.92
07/02/2020,374.37
10/02/2020,374.52
12/02/2020,375.9
13/02/2020,375.91
14/02/2020,375.6
18/02/2020,374.67
19/02/2020,374.4
20/02/2020,374.8
21/02/2020,375.37
25/02/2020,377.14
26/02/2020,377.25
27/02/2020,378
28/02/2020,379.88
02/03/2020,381.38
03/03/2020,379.58
04/03/2020,382.69
05/03/2020,383.39
06/03/2020,386.5
09/03/2020,389.36
10/03/2020,385.5
11/03/2020,384.9
12/03/2020,383.63
13/03/2020,380.09
16/03/2020,378.84
17/03/2020,377.51
18/03/2020,374.4
19/03/2020,373.75
23/03/2020,375.96
24/03/2020,376.77
25/03/2020,376.93
26/03/2020,377.44
27/03/2020,378.46
30/03/2020,379.41
31/03/2020,379.15
01/04/2020,378.95
02/04/2020,378.47
03/04/2020,378.45
06/04/2020,378.68
07/04/2020,378.58
08/04/2020,378.5
09/04/2020,378.88
15/04/2020,379.58
16/04/2020,379.69
17/04/2020,379.97
20/04/2020,379.94
21/04/2020,379.69
22/04/2020,379.65
23/04/2020,379.65
24/04/2020,379.77
27/04/2020,380.16
28/04/2020,380.33
30/04/2020,380.78
07/05/2020,380
08/05/2020,380.61
11/05/2020,380.32
12/05/2020,379.84
13/05/2020,379.95
14/05/2020,379.67
15/05/2020,380.06
18/05/2020,381.25
19/05/2020,381.14
20/05/2020,381.65
21/05/2020,381.32
22/05/2020,381.14
26/05/2020,383.2
27/05/2020,383.98
28/05/2020,384.85
29/05/2020,384.38
02/06/2020,386.01
03/06/2020,387.41
04/06/2020,387.15
05/06/2020,388.32
08/06/2020,388.84
09/06/2020,388.51
10/06/2020,388.21
11/06/2020,386.02
12/06/2020,385.9
15/06/2020,385.5
16/06/2020,387.26
17/06/2020,387.34
18/06/2020,387.05
19/06/2020,387.21
22/06/2020,387.1
23/06/2020,387.67
24/06/2020,386.64
25/06/2020,386.96
26/06/2020,386.55
29/06/2020,386.67
30/06/2020,387.18
01/07/2020,386.92
02/07/2020,387.56
06/07/2020,388.4
07/07/2020,387.91
08/07/2020,387.76
09/07/2020,387.87
10/07/2020,388.32
13/07/2020,388.75
14/07/2020,388.94
15/07/2020,390.15
16/07/2020,390.28
17/07/2020,390.63
20/07/2020,391.9
21/07/2020,392.41
22/07/2020,392.41
27/07/2020,391.93
28/07/2020,392.58
29/07/2020,393.26
30/07/2020,393.74
31/07/2020,392.8
03/08/2020,392.01
04/08/2020,393.99
05/08/2020,393.87
06/08/2020,394.26
07/08/2020,394.21
11/08/2020,392.53
12/08/2020,392.54
13/08/2020,392.07
14/08/2020,391.47
17/08/2020,391.48
18/08/2020,391.44
19/08/2020,391.81
20/08/2020,391.02
21/08/2020,390.94
24/08/2020,392.92
25/08/2020,393.57
26/08/2020,394.19
27/08/2020,393.79
28/08/2020,392.94
31/08/2020,393.13
01/09/2020,393.93
02/09/2020,396.66
03/09/2020,394.24
04/09/2020,391.17
08/09/2020,391.1
09/09/2020,392.77
10/09/2020,391.84
11/09/2020,392.67
14/09/2020,394.67
15/09/2020,394.37
16/09/2020,394.84
17/09/2020,394.36
18/09/2020,393.84
23/09/2020,391.37
24/09/2020,391.36
25/09/2020,391.72
28/09/2020,393.74
29/09/2020,395.75
30/09/2020,395.35
01/10/2020,394.25
02/10/2020,394.5
05/10/2020,394.3
06/10/2020,393.17
07/10/2020,392.09
08/10/2020,392.77
09/10/2020,393.33
12/10/2020,394.37
13/10/2020,394.72
14/10/2020,394.76
15/10/2020,393.89
16/10/2020,394.49
19/10/2020,393.46
20/10/2020,393.18
21/10/2020,391.42
22/10/2020,390.95
23/10/2020,389.87
26/10/2020,388.98
27/10/2020,389.54
28/10/2020,388.71
29/10/2020,388.44
30/10/2020,387.16
02/11/2020,388.57
04/11/2020,393.7
05/11/2020,395.5
06/11/2020,396.05
09/11/2020,396.43
10/11/2020,393.07
11/11/2020,393.99
12/11/2020,394.78
13/11/2020,395.84
16/11/2020,396.94
17/11/2020,396.91
18/11/2020,396.43
19/11/2020,396.72
20/11/2020,396.94
24/11/2020,397.04
25/11/2020,397.21
30/11/2020,397.69
01/12/2020,396.82
02/12/2020,395.7
03/12/2020,396.82
04/12/2020,397.11
07/12/2020,398.82
08/12/2020,399.94
09/12/2020,399.4
10/12/2020,399.31
11/12/2020,398.85
14/12/2020,399.15
15/12/2020,399.88
16/12/2020,400.42
17/12/2020,401.38
18/12/2020,400.58
21/12/2020,398.63
22/12/2020,398.25
23/12/2020,398.98
28/12/2020,401.64
29/12/2020,403.33
30/12/2020,402.44
04/01/2021,401.83
05/01/2021,400.94
06/01/2021,401.98
07/01/2021,404.38
08/01/2021,406.36
12/01/2021,405.15
13/01/2021,406.5
